4108610;C13T29864012;8715946626048;2;EPSON;;Epson 29 Multipack - Pack de 4 - noir, jaune, cyan, magenta - originale - blister - cartouche d'encre - pour Expression Home XP-235, 245, 247, 332, 335, 342, 345, 432, 435, 442, 445
4108478;C13T29964012;8715946626147;2;EPSON;;Epson 29XL Multipack - Pack de 4 - XL - noir, jaune, cyan, magenta - originale - blister - cartouche d'encre - pour Expression Home XP-235, 245, 247, 332, 335, 342, 345, 432, 435, 442, 445
3496290;C11CE82402;8715946549637;2;EPSON;;Epson Expression Photo XP-960
3496289;C11CE78402;8715946549613;2;EPSON;;Epson Expression Premium XP-830
4667104;C11CF47402+C11CF24402;;2;EPSON;;K/Epson EcoTank ET-2650+WF-3720DWF
4683738;C11CF47402+C11CF74402;;2;EPSON;;K/Epson EcoTank ET-2650+WF-4720
2348696;C13S053043;8715946484839;2;EPSON;;Epson - (220 - 240 V) - kit unité de fusion - pour AcuLaser C2900DN, C2900N, CX29DNF, CX29NF
2560883;C13S053046;8715946500478;2;EPSON;;Epson - (230 V) - kit unité de fusion - pour WorkForce AL-C500DHN, AL-C500DN, AL-C500DTN, AL-C500DXN
2016360;C13S051193;8715946435381;2;EPSON;;Epson - 1 - cyan - unité de mise en image de l'imprimante - pour AcuLaser CX28DN, CX28DNC, CX28DTN, CX28DTNC
2016135;C13S051191;8715946435367;2;EPSON;;Epson - 1 - jaune - unité de mise en image de l'imprimante - pour AcuLaser CX28DN, CX28DNC, CX28DTN, CX28DTNC
2016136;C13S051192;8715946435374;2;EPSON;;Epson - 1 - magenta - unité de mise en image de l'imprimante - pour AcuLaser CX28DN, CX28DNC, CX28DTN, CX28DTNC
84026;C13S015066;10343601642;2;EPSON;;Epson - 1 - noir - 16.75 m - ruban tissu - pour DLQ 3000, 3000+, 3500
1733774;C13S015610;8715946430393;2;EPSON;;Epson - 1 - noir - 32 m - ruban d'impression - pour LQ 690
718041;C13S015139;10343602731;2;EPSON;;Epson - 1 - noir - ruban d'impression - pour DLQ 3000, 3000+, 3500
2643299;C13S015637;8715946519494;2;EPSON;;Epson - 1 - noir - ruban d'impression - pour LX 300+II, 350
4465927;C13T37954010;8715946645926;2;EPSON;;Epson - 10.3 ml - XL - cyan clair - originale - blister - cartouche d'encre - pour Expression Photo XP-8500, XP-8500 Small-in-One, XP-8505
2084715;C13T653900;10343877696;2;EPSON;;Epson - 150 ml - noir clair - originale - cartouche d'encre - pour Stylus Pro 4900, Pro 4900 Designer Edition, Pro 4900 Spectro_M1
2084800;C13T653200;10343877627;2;EPSON;;Epson - 200 ml - cyan - originale - cartouche d'encre - pour Stylus Pro 4900, Pro 4900 Designer Edition, Pro 4900 Spectro_M1
2084803;C13T653500;10343877658;2;EPSON;;Epson - 200 ml - cyan clair - originale - cartouche d'encre - pour Stylus Pro 4900, Pro 4900 Designer Edition, Pro 4900 Spectro_M1
2084802;C13T653400;10343877641;2;EPSON;;Epson - 200 ml - jaune - originale - cartouche d'encre - pour Stylus Pro 4900, Pro 4900 Designer Edition, Pro 4900 Spectro_M1
2084801;C13T653300;10343877634;2;EPSON;;Epson - 200 ml - Magenta vif - originale - cartouche d'encre - pour Stylus Pro 4900, Pro 4900 Designer Edition, Pro 4900 Spectro_M1
2084804;C13T653600;10343877665;2;EPSON;;Epson - 200 ml - Magenta vif clair - originale - cartouche d'encre - pour Stylus Pro 4900, Pro 4900 Designer Edition, Pro 4900 Spectro_M1
2084805;C13T653700;10343877672;2;EPSON;;Epson - 200 ml - noir clair - originale - cartouche d'encre - pour Stylus Pro 4900, Pro 4900 Designer Edition, Pro 4900 Spectro_M1
2084714;C13T653800;10343877689;2;EPSON;;Epson - 200 ml - noir mat - originale - cartouche d'encre - pour Stylus Pro 4900, Pro 4900 Designer Edition, Pro 4900 Spectro_M1
2084716;C13T653A00;10343877702;2;EPSON;;Epson - 200 ml - orange - originale - cartouche d'encre - pour Stylus Pro 4900, Pro 4900 Designer Edition, Pro 4900 Spectro_M1
2084799;C13T653100;10343877610;2;EPSON;;Epson - 200 ml - photo noire - originale - cartouche d'encre - pour Stylus Pro 4900, Pro 4900 Designer Edition, Pro 4900 Spectro_M1
2084760;C13T653B00;10343877719;2;EPSON;;Epson - 200 ml - vert - originale - cartouche d'encre - pour Stylus Pro 4900, Pro 4900 Designer Edition, Pro 4900 Spectro_M1
985141;C13S015339;10343605596;2;EPSON;;Epson - 3 - noir - ruban d'impression - pour PLQ 20, 20 CTT, 20D, 20DM, 20M, 22, 22CS, 22CSM, 22M, 30, 30M
4347288;C13T858200;8715946629247;2;EPSON;;Epson - 454 ml - taille XXL - cyan - originale - cartouche d'encre - pour WorkForce Enterprise WF-C20590, WF-C20590 D4TWF, WF-C20590 D4TWF EPP
4347290;C13T858400;8715946629261;2;EPSON;;Epson - 454 ml - taille XXL - jaune - originale - cartouche d'encre - pour WorkForce Enterprise WF-C20590, WF-C20590 D4TWF, WF-C20590 D4TWF EPP
1843680;C13T580A00;10343873636;2;EPSON;;Epson - 80 ml - Magenta vif - originale - cartouche d'encre - pour Stylus Pro 3880, Pro 3880 Mirage Edition, Pro 3880 Signature Worthy Edition
1843681;C13T580B00;10343873643;2;EPSON;;Epson - 80 ml - Magenta vif clair - originale - cartouche d'encre - pour Stylus Pro 3880, Pro 3880 Mirage Edition, Pro 3880 Signature Worthy Edition
4251796;C12C932891;8715946628691;2;EPSON;;Epson - Armoire MFP - pour WorkForce Pro WF-C869R, WF-C869RD3TWFC, WF-C869RDTWF, WF-C869RDTWFC
2305586;C12C817011;8715946490588;2;EPSON;;Epson - Bac d'alimentation - 250 feuilles dans 1 bac(s) - pour WorkForce Pro WF-5190, 5620, 5690, M5190, M5194, M5690, M5694, WP-4015, 4025, 4525, M4525
4485805;C13T366100;8715946644486;2;EPSON;;"Epson - Boîte de maintenance pour cartouche d'encre - pour Expression Home HD XP-15000; Expression Photo HD XP-15000, XP-8505; WorkForce WF-7210"
2863839;C13S042548;8715946529509;2;EPSON;;"Epson - Brillant - 102 x 152 mm - 200 g/m² - 100 feuille(s) papier photo - pour Expression Home HD XP-15000; Expression Photo HD XP-15000; WorkForce WF-7720"
2863838;C13S042547;8715946529493;2;EPSON;;"Epson - Brillant - 102 x 152 mm - 200 g/m² - 50 feuille(s) papier photo - pour Expression Home HD XP-15000; Expression Photo HD XP-15000; WorkForce WF-7720"
2863829;C13S042536;8715946529219;2;EPSON;;"Epson - Brillant - A3 (297 x 420 mm) - 200 g/m² - 20 feuille(s) papier photo - pour Expression Photo HD XP-15000; Expression Premium XP-540, 640, 645; WorkForce WF-3620, 7720"
2863832;C13S042539;8715946529448;2;EPSON;;"Epson - Brillant - A4 (210 x 297 mm) - 200 g/m² - 50 feuille(s) papier photo - pour Expression Home HD XP-15000; Expression Photo HD XP-15000; WorkForce WF-7720"
1243241;C13S041892;10343853836;2;EPSON;;"Epson - Brillant - Rouleau (43,2 cm x 30,5 m) - 250 g/m² - 1 rouleau(x) papier photo - pour Stylus Pro 4900 Spectro_M1; SureColor P5000, P800, SC-P10000, P20000, P5000, P6000, P8000"
4347235;C13S210061;8715946631431;2;EPSON;;Epson - Cartouche d'agrafes (pack de 15000) - pour WorkForce Enterprise WF-C17590, WF-C17590 D4TWF, WF-C20590, WF-C20590 D4TWF
1284168;C13T582000;10343858954;2;EPSON;;"Epson - Cartouche de maintenance - pour Stylus Pro 38XX; SureColor P800, SC-P800; SURELAB D700; SURELAB SL D700"
2348695;C13S051211;8715946484822;2;EPSON;;Epson - Cartouche de tambour - pour AcuLaser C2900DN, C2900N, CX29DNF, CX29NF
1085656;7000437;3469550021465;2;EPSON;;Epson - cash drawer
3620439;C12C932011;8715946601441;2;EPSON;;Epson - Cassette de papier - 500 feuilles - pour WorkForce Pro WF-6090, WF-6090DTWC, WF-6090DW, WF-6590DTWFC, WF-6590DWF
3126631;C12C817061;10343911017;2;EPSON;;Epson - Cassette de papier - 500 feuilles dans 1 bac(s) - pour WorkForce Pro WF-8010, 8090, 8090 D3TWC, 8510, 8590, 8590 D3TWFC, R8590, R8590 D3TWFC
1607683;C13S050478;8715946412566;2;EPSON;;Epson - Collecteur de toner usagé - pour AcuLaser C9200D3TNC, C9200DN, C9200DTN, C9200N
2417415;C13S050610;8715946481357;2;EPSON;;Epson - Collecteur de toner usagé - pour AcuLaser C9300D2TN, C9300D3TNC, C9300DN, C9300DTN, C9300N, C9300TN
2016085;C13S050498;8715946435350;2;EPSON;;Epson - Collecteur de toner usagé - pour AcuLaser CX28DN, CX28DNC, CX28DTN, CX28DTNC
2119741;C13S050595;8715946474663;2;EPSON;;"Epson - Collecteur de toner usagé - pour Epson AL-C300; AcuLaser C3900, CX37; WorkForce AL-C300"
2417507;C13S051209;8715946481333;2;EPSON;;Epson - Couleur (cyan, magenta, jaune) - photoconducteur - pour AcuLaser C9300D2TN, C9300D3TNC, C9300DN, C9300DTN, C9300N, C9300TN
1293485;C13S053024;10343858145;2;EPSON;;Epson - Courroie de transfert de l'imprimante - pour AcuLaser C2800DN, C2800DTN, C2800N, C3800DN, C3800DTN, C3800N
4553382;C13T887200;8715946649450;2;EPSON;;Epson - Cyan - originale - cartouche d'encre - pour WorkForce Enterprise WF-C17590, WF-C17590 D4TWF, WF-C17590 D4TWF EPP
1990842;C13S050560;8715946462707;2;EPSON;;Epson - Cyan - originale - cartouche de toner - pour AcuLaser C1600, CX16, CX16DNF, CX16DTNF, CX16NF
2348693;C13S050671;8715946502816;2;EPSON;;Epson - Cyan - originale - cartouche de toner - pour AcuLaser C1700, CX17, CX17NF, CX17WF
2305660;C13S050629;8715946484693;2;EPSON;;Epson - Cyan - originale - cartouche de toner - pour AcuLaser C2900DN, C2900N, CX29DNF, CX29NF
1280485;C13S051130;10343858138;2;EPSON;;Epson - Cyan - originale - cartouche de toner - pour AcuLaser C3800DN, C3800DTN, C3800N
1109034;C13S050244;10343607507;2;EPSON;;Epson - Cyan - originale - cartouche de toner - pour AcuLaser C4200, C4200DNPC5-256, C4200DTNPC5-256
1607681;C13S050476;8715946412542;2;EPSON;;Epson - Cyan - originale - cartouche de toner - pour AcuLaser C9200D3TNC, C9200DN, C9200DTN, C9200N
2417413;C13S050604;8715946481272;2;EPSON;;Epson - Cyan - originale - cartouche de toner - pour AcuLaser C9300D2TN, C9300D3TNC, C9300DN, C9300DTN, C9300N, C9300TN
3221806;C13S050749;8715946542287;2;EPSON;;"Outlet Epson - Cyan - originale - cartouche de toner - pour Epson AL-C300; AcuLaser C3000; WorkForce AL-C300"
2560876;C13S050662;8715946500409;2;EPSON;;Epson - Cyan - originale - cartouche de toner - pour WorkForce AL-C500DHN, AL-C500DN, AL-C500DTN, AL-C500DXN
1607660;C13S051177;8715946412597;2;EPSON;;Epson - Cyan - photoconducteur - pour AcuLaser C9200D3TNC, C9200DN, C9200DTN, C9200N
2560881;C13S051226;8715946500454;2;EPSON;;Outlet Epson - Cyan - photoconducteur - pour WorkForce AL-C500DHN, AL-C500DN, AL-C500DTN, AL-C500DXN
1514906;C13S020448;4548056917270;2;EPSON;;Epson - Cyan clair - originale - cartouche d'encre - pour Discproducer PP-100, PP-100AP, PP-100II, PP-100IIBD, PP-100N, PP-100NS, PP-50, PP-50BD
1932504;V13H134A27;4988617055469;2;EPSON;;"Epson - Filtre à air - pour Epson EB-440, EB-450, EB-460; BrightLink 450; PowerLite 450, 460"
4173404;V13H134A49;8715946606767;2;EPSON;;Epson - Filtre à air - pour Epson EB-670, EB-675, EB-680, EB-685, EB-695
1898257;V13H134A24;4988617046030;2;EPSON;;"Epson - Filtre à air de projecteur - pour Epson EB-1830, EB-1900, EB-1910, EB-1915, EB-1920W, EB-1925W; PowerLite 1830, 1915, 1925W"
2698013;V13H134A36;4988617109827;2;EPSON;;"Epson - Filtre à air de projecteur - pour Epson EB-420, EB-425W, EB-430, EB-435W; PowerLite 420, 425W, 430, 435W"
1990839;C13S050556;8715946462660;2;EPSON;;Epson - Haute capacité - cyan - originale - cartouche de toner - pour AcuLaser C1600, CX16, CX16DNF, CX16DTNF, CX16NF
2305428;C13S050613;8715946484860;2;EPSON;;Epson - Haute capacité - cyan - originale - cartouche de toner - pour AcuLaser C1700, C1750N, C1750W, CX17NF, CX17WF
1280490;C13S051126;10343858091;2;EPSON;;Epson - Haute capacité - cyan - originale - cartouche de toner - pour AcuLaser C3800DN, C3800DTN, C3800N
2016366;C13S050492;8715946435091;2;EPSON;;Epson - Haute capacité - cyan - originale - cartouche de toner - pour AcuLaser CX28DN, CX28DNC, CX28DTN, CX28DTNC
2305670;C13S050611;8715946484846;2;EPSON;;Epson - Haute capacité - jaune - originale - cartouche de toner - pour AcuLaser C1700, C1750N, C1750W, CX17NF, CX17WF
2305429;C13S050612;8715946484853;2;EPSON;;Epson - Haute capacité - magenta - originale - cartouche de toner - pour AcuLaser C1700, C1750N, C1750W, CX17NF, CX17WF
1280489;C13S051125;10343858084;2;EPSON;;Epson - Haute capacité - magenta - originale - cartouche de toner - pour AcuLaser C3800DN, C3800DTN, C3800N
2016364;C13S050491;8715946435084;2;EPSON;;Epson - Haute capacité - magenta - originale - cartouche de toner - pour AcuLaser CX28DN, CX28DNC, CX28DTN, CX28DTNC
2305665;C13S050614;8715946484877;2;EPSON;;Epson - Haute capacité - noir - originale - cartouche de toner - pour AcuLaser C1700, C1750N, C1750W, CX17NF, CX17WF
1277412;C13S051127;10343858107;2;EPSON;;Epson - Haute capacité - noir - originale - cartouche de toner - pour AcuLaser C3800DN, C3800DTN, C3800N
2016367;C13S050493;8715946435107;2;EPSON;;Epson - Haute capacité - noir - originale - cartouche de toner - pour AcuLaser CX28DN, CX28DNC, CX28DTN, CX28DTNC
1879234;C13S050521;8715946451633;2;EPSON;;Epson - Haute capacité - noir - originale - cartouche de toner - pour AcuLaser M1200
2314607;C13S050650;8715946487564;2;EPSON;;Epson - Haute capacité - noir - originale - cartouche de toner - pour AcuLaser M1400, MX14, MX14NF
1496773;C13S050435;8715946404578;2;EPSON;;Epson - Haute capacité - noir - originale - cartouche de toner - pour AcuLaser M2000D, M2000DN, M2000DT, M2000DTN
2119784;C13S050582;8715946472393;2;EPSON;;Epson - Haute capacité - noir - originale - cartouche de toner - pour AcuLaser M2400D, M2400DN, M2400DT, M2400DTN, MX20DN, MX20DNF, MX20DTN, MX20DTNF
2721303;C13S050689;8715946520841;2;EPSON;;Epson - Haute capacité - noir - originale - cartouche de toner - pour WorkForce AL-M300, AL-MX300
1879647;C13S050523;8715946451657;2;EPSON;;Epson - Haute capacité - noir - originale - cartouche de toner Epson Return Program - pour AcuLaser M1200
2721305;C13S050691;8715946520865;2;EPSON;;Epson - Haute capacité - noir - originale - cartouche de toner Epson Return Program - pour WorkForce AL-M300, AL-MX300
2721310;C13S050699;8715946520506;2;EPSON;;Epson - Haute capacité - noir - originale - cartouche de toner Epson Return Program - pour WorkForce AL-M400DN, AL-M400DTN
4553384;C13T887400;8715946649474;2;EPSON;;Epson - Jaune - originale - cartouche d'encre - pour WorkForce Enterprise WF-C17590, WF-C17590 D4TWF, WF-C17590 D4TWF EPP
1356692;C13S050316;8715946344430;2;EPSON;;Epson - Jaune - originale - cartouche de toner - pour AcuLaser C1100, CX21N, CX21NC, CX21NF, CX21NFC, CX21NFCT, CX21NFT
1990844;C13S050558;8715946462684;2;EPSON;;Epson - Jaune - originale - cartouche de toner - pour AcuLaser C1600, CX16, CX16DNF, CX16DTNF, CX16NF
2348691;C13S050669;8715946502793;2;EPSON;;Epson - Jaune - originale - cartouche de toner - pour AcuLaser C1700, CX17, CX17NF, CX17WF
2305662;C13S050627;8715946484679;2;EPSON;;Epson - Jaune - originale - cartouche de toner - pour AcuLaser C2900DN, C2900N, CX29DNF, CX29NF
1277413;C13S051128;10343858114;2;EPSON;;Epson - Jaune - originale - cartouche de toner - pour AcuLaser C3800DN, C3800DTN, C3800N
1607685;C13S050474;8715946412528;2;EPSON;;Epson - Jaune - originale - cartouche de toner - pour AcuLaser C9200D3TNC, C9200DN, C9200DTN, C9200N
2417409;C13S050602;8715946481258;2;EPSON;;Epson - Jaune - originale - cartouche de toner - pour AcuLaser C9300D2TN, C9300D3TNC, C9300DN, C9300DTN, C9300N, C9300TN
2016363;C13S050490;8715946435077;2;EPSON;;Epson - Jaune - originale - cartouche de toner - pour AcuLaser CX28DN, CX28DNC, CX28DTN, CX28DTNC
1607684;C13S051175;8715946412573;2;EPSON;;Epson - Jaune - photoconducteur - pour AcuLaser C9200D3TNC, C9200DN, C9200DTN, C9200N
2067762;C13S051175CP;8715946435817;2;EPSON;;Epson - Jaune, cyan, magenta - photoconducteur - pour AcuLaser C9200D3TNC, C9200DN, C9200DTN, C9200N, C9200TN
2107580;C13S051199;8715946472737;2;EPSON;;Epson - Kit d'entretien - pour AcuLaser M2300D, M2300DN, M2300DT, M2300DTN, MX20DN, MX20DNF, MX20DTN, MX20DTNF
4027015;B12B819291;8715946621265;2;EPSON;;Epson - Kit de nettoyage - pour WorkForce DS-30, 50000, 510, 520, 530, 5500, 560, 570, 60000, 6500, 70000, 7500, 770, 860
4027008;B12B819031;8715946552040;2;EPSON;;"Epson - Kit de rouleau de scanneur - pour Epson DS-530; WorkForce DS-530, DS-530N, DS-570W, DS-770"
2560884;C13S053048;8715946500492;2;EPSON;;Epson - Kit de transfert pour imprimante - pour WorkForce AL-C500DHN, AL-C500DN, AL-C500DTN, AL-C500DXN
968973;C13S053017BA;8715946225159;2;EPSON;;Epson - kit unite de fusion pour l`entretien de l`imprimante - 200000 pages
1280494;C13S053025;10343858152;2;EPSON;;Epson - Kit unité de fusion - pour AcuLaser C2800DN, C2800DTN, C2800N, C3800DN, C3800DTN, C3800N
3221809;C13S053061;8715946542270;2;EPSON;;"Epson - Kit unité de fusion - pour Epson AL-C300; AcuLaser C3000; WorkForce AL-C300"
2721307;C13S053049;8715946520889;2;EPSON;;Epson - Kit unité de fusion - pour WorkForce AL-M300, AL-MX300
723371;V13H010L15;;2;EPSON;;Epson - lampe de projecteur
951376;V13H010L30;4547426649865;2;EPSON;;Epson - lampe de projecteur
951831;V13H010L31;8715946241852;2;EPSON;;Epson - lampe de projecteur
1921340;V13H010L57;4988617055476;2;EPSON;;"Epson - Lampe de projecteur - pour Epson EB-440, EB-450, EB-460, EB-465; BrightLink 450; PowerLite 450, 460"
1591615;V13H010L46;4988617013681;2;EPSON;;Epson - Lampe de projecteur - pour Epson EB-G5200WNL, EB-G5350NL
1386876;V13H010L41;4548056706560;2;EPSON;;Epson - Lampe de projecteur - pour Epson EB-S6, S62, W6, X6, X62, EH-TW420, EMP-260, S5, S52, X5, X52, X56, EX-21, 30, 50, 70
1441426;V13H010L44;4548056890146;2;EPSON;;"Epson - Lampe de projecteur - pour Epson EH-DM2, EMP-DM1; MovieMate 50, 55, 72"
1460757;V13H010L22;10343846005;2;EPSON;;"Epson - Lampe de projecteur - pour Epson EMP-7800, EMP-7850, EMP-7900, EMP-7950; PowerLite 7800, 7850, 7900"
1441425;V13H010L43;4548056890139;2;EPSON;;"Epson - Lampe de projecteur - pour Epson EMP-TWD10, EMP-W5D; MovieMate 72"
2096935;V13H010L65;4988617070912;2;EPSON;;"Epson - Lampe de projecteur - UHE - 230 Watt - 4000 heure(s) (mode standard)/ 4000 heure(s) (mode économique) - pour Epson EB-1750, 1751, 1760, 1761, 1770, 1771, 1775, 1776; PowerLite 1750, 1760, 1770, 1775"
767919;V13H010L19;4965957987384;2;EPSON;;Epson - lampe pour projecteur lcd
746921;V13H010L17;4965957956717;2;EPSON;;Epson - Lampe pour projecteur LCD - pour Epson EMP-TW100
1514909;C13S020450;4548056917348;2;EPSON;;Epson - Magenta - originale - cartouche d'encre - pour Discproducer PP-100, PP-100AP, PP-100II, PP-100IIBD, PP-100N, PP-100NS, PP-50, PP-50BD
4553383;C13T887300;8715946649467;2;EPSON;;Epson - Magenta - originale - cartouche d'encre - pour WorkForce Enterprise WF-C17590, WF-C17590 D4TWF, WF-C17590 D4TWF EPP
1356476;C13S050317;8715946344447;2;EPSON;;Epson - Magenta - originale - cartouche de toner - pour AcuLaser C1100, CX21N, CX21NC, CX21NF, CX21NFC, CX21NFCT, CX21NFT
1990843;C13S050559;8715946462691;2;EPSON;;Epson - Magenta - originale - cartouche de toner - pour AcuLaser C1600, CX16, CX16DNF, CX16DTNF, CX16NF
2348692;C13S050670;8715946502809;2;EPSON;;Epson - Magenta - originale - cartouche de toner - pour AcuLaser C1700, CX17, CX17NF, CX17WF
2305661;C13S050628;8715946484686;2;EPSON;;Epson - Magenta - originale - cartouche de toner - pour AcuLaser C2900DN, C2900N, CX29DNF, CX29NF
1280445;C13S051129;10343858121;2;EPSON;;Epson - Magenta - originale - cartouche de toner - pour AcuLaser C3800DN, C3800DTN, C3800N
1109035;C13S050243;10343607491;2;EPSON;;Epson - Magenta - originale - cartouche de toner - pour AcuLaser C4200, C4200DNPC5-256, C4200DTNPC5-256
3221805;C13S050748;8715946542256;2;EPSON;;"Outlet Epson - Magenta - originale - cartouche de toner - pour Epson AL-C300; AcuLaser C3000; WorkForce AL-C300"
1514908;C13S020449;8715946434957;2;EPSON;;Epson - Magenta clair - originale - cartouche d'encre - pour Discproducer PP-100, PP-100AP, PP-100II, PP-100IIBD, PP-100N, PP-100NS, PP-50, PP-50BD
1652066;C13S045083;8715946413938;2;EPSON;;Epson - Mat - 170 micromètres - Rouleau (61 cm x 30,5 m) film à contre-jour - pour SureColor SC-P10000, P20000, P6000, P7000, P8000, P9000, T3000, T3200, T5200, T7000, T7200
1189698;C13S042016;103438579572;2;EPSON;;"Epson - Mat - Rouleau (111,8 cm x 12,2 m) 1 rouleau(x) papier toilé - pour Stylus Pro 11880, Pro 98XX; SureColor SC-P10000, P20000, P8000, P9000, T7000, T7200"
4553320;C13T887100;8715946649443;2;EPSON;;Epson - Noir - originale - cartouche d'encre - pour WorkForce Enterprise WF-C17590, WF-C17590 D4TWF, WF-C17590 D4TWF EPP
2305149;C13S050630;8715946484709;2;EPSON;;Epson - Noir - originale - cartouche de toner - pour AcuLaser C2900DN, C2900N, CX29DNF, CX29NF
2417414;C13S050605;8715946481289;2;EPSON;;Epson - Noir - originale - cartouche de toner - pour AcuLaser C9300D2TN, C9300D3TNC, C9300DN, C9300DTN, C9300N, C9300TN
2305663;C13S050652;8715946487588;2;EPSON;;Epson - Noir - originale - cartouche de toner - pour AcuLaser M1400, MX14, MX14NF
2111747;C13S050583;8715946472409;2;EPSON;;Epson - Noir - originale - cartouche de toner - pour AcuLaser M2300, M2400, MX20
1553532;C13S051170;8715946394121;2;EPSON;;Epson - Noir - originale - cartouche de toner - pour AcuLaser M4000, M4000DN, M4000DTN, M4000N, M4000TN
1239686;C13S050290;10343857858;2;EPSON;;Epson - Noir - originale - cartouche de toner - pour EPL N2550, N2550D, N2550DT, N2550DTT, N2550T
3221807;C13S050750;8715946542232;2;EPSON;;"Epson - Noir - originale - cartouche de toner - pour Epson AL-C300; AcuLaser C3000; WorkForce AL-C300"
2721304;C13S050690;8715946520858;2;EPSON;;Epson - Noir - originale - cartouche de toner - pour WorkForce AL-M300, AL-MX300
3351643;C13S050762;8715946545721;2;EPSON;;Epson - Noir - originale - cartouche de toner - pour WorkForce AL-M8100DN, AL-M8100DTN
1879646;C13S050522;8715946451640;2;EPSON;;Epson - Noir - originale - cartouche de toner Epson Return Program - pour AcuLaser M1200
1503168;C13S050438;8715946404608;2;EPSON;;Epson - Noir - originale - cartouche de toner Epson Return Program - pour AcuLaser M2000D, M2000DN, M2000DT, M2000DTN
1553533;C13S051173;8715946404615;2;EPSON;;Epson - Noir - originale - cartouche de toner Epson Return Program - pour AcuLaser M4000, M4000DN, M4000DTN, M4000N, M4000TN
1607658;C13S051178;8715946412603;2;EPSON;;Epson - Noir - photoconducteur - pour AcuLaser C9200D3TNC, C9200DN, C9200DTN, C9200N
2417508;C13S051210;8715946481340;2;EPSON;;Epson - Noir - photoconducteur - pour AcuLaser C9300D2TN, C9300D3TNC, C9300DN, C9300DTN, C9300N, C9300TN
2016362;C13S051194;8715946435398;2;EPSON;;Epson - Noir - photoconducteur - pour AcuLaser CX28DN, CX28DNC, CX28DTN, CX28DTNC
3169919;C13S015642;8715946540580;2;EPSON;;Epson - Noir - ruban d'impression - pour LX 1170, 1170 II, 1350
3221808;C13S050751;8715946542249;2;EPSON;;"Epson - Pack de 2 - noir - originale - cartouche de toner - pour Epson AL-C300; AcuLaser C3000; WorkForce AL-C300"
428911;C13S041261;10343818484;2;EPSON;;Epson - papier - papier mat a fort grammage - a3 (297 x 420 mm) - 167 g/m2 - 50 pc.
428912;C13S041256;10343818439;2;EPSON;;Epson - papier - papier mat a fort grammage - a4 (210 x 297 mm) - 167 g/m2 - 50 pc.
885228;C13S051099;10343604582;2;EPSON;;Epson - photoconducteur - 20000 pages
1990845;C13S051198;8715946462714;2;EPSON;;Epson - Photoconducteur - pour AcuLaser C1600, CX16, CX16DNF, CX16DTNF, CX16NF
2721306;C13S051228;8715946520872;2;EPSON;;Epson - Photoconducteur - pour WorkForce AL-M300, AL-MX300
2780454;7107935;200002780454;2;EPSON;;Epson - Rouleau (8 cm x 48,7 m) 1 rouleau(x) papier continu - pour TM T88IV, T88IV ReStick, T88IV-141, T88IV-901, T88IVP
852213;C13S015327;10343605091;2;EPSON;;Epson - ruban d`impression - 1 x noir - 12 millions de caracteres
940259;C13S015337;10343605480;2;EPSON;;Epson - ruban d`impression - 1 x noir - 5 millions de caracteres
852214;C13S015329;10343603936;2;EPSON;;Epson - ruban d`impression - 1 x noir - 7,5 millions de caracteres
940262;C13S015336;10343605527;2;EPSON;;Epson - ruban d`impression - 1 x noir - 8 millions de caracteres
81160;C13S015055;10343600959;2;EPSON;;Epson - ruban tissu - 1 x noir
81483;C13S015047;10343601581;2;EPSON;;Epson - ruban tissu - 1 x noir
243622;C13S015020;10343600935;2;EPSON;;Epson - ruban tissu - 1 x noir
81492;C13S015262;10343601345;2;EPSON;;Epson - ruban tissu - 1 x noir - 2 millions de caracteres
2069665;V12H001K63;8715946480046;2;EPSON;;Epson - Sacoche de transport pour projecteur - pour Epson EB-S02, S04, S10, S31, S82, S92, W04, W10, W31, W9, X10, X11, X31, X9, x92, EH-TW570
4315889;C12C933081;8715946631363;2;EPSON;;Epson - Unité de liaison pour imprimante - pour WorkForce Enterprise WF-C17590, WF-C17590 D4TWF, WF-C20590, WF-C20590 D4TWF
1004148;C13S050187;10343605855;2;EPSON;;Epson - cartouche de toner - 1 x jaune - 4000 pages
1004149;C13S050188;10343605848;2;EPSON;;Epson - cartouche de toner - 1 x magenta - 4000 pages
1004089;C13S050189;10343605831;2;EPSON;;Epson - cartouche de toner - 1 x cyan - 4000 pages
1003941;C13S050190;10343605824;2;EPSON;;Epson - cartouche de toner - 1 x noir - 4000 pages
1004083;C13S050191;10343605886;2;EPSON;;Epson - cartouche de toner - 1 x jaune - 1500 pages
1004084;C13S050192;10343605879;2;EPSON;;Epson - cartouche de toner - 1 x magenta - 1500 pages
1004147;C13S050193;10343605862;2;EPSON;;Epson - cartouche de toner - 1 x cyan - 1500 pages
1990838;C13S050557;8715946462677;2;EPSON;;Epson 0557 - Haute capacité - noir - originale - cartouche de toner - pour AcuLaser C1600, CX16, CX16DNF, CX16DTNF, CX16NF
2610496;C13S050709;8715946521008;2;EPSON;;Epson 0709 - Noir - originale - cartouche de toner - pour WorkForce AL-M200DN, AL-M200DN Double pack bundle ETD, AL-M200DW, AL-MX200DNF, AL-MX200DWF
2611233;C13S050711;8715946521015;2;EPSON;;Epson 0711 - Pack de 2 - haute capacité - noir - originale - cartouche de toner Epson Return Program - pour WorkForce AL-M200DN, AL-M200DN Double pack bundle ETD, AL-M200DW, AL-MX200DNF, AL-MX200DWF
4465895;C13T03R140;8715946643342;2;EPSON;;"Epson 102 - 127 ml - noir - originale - réservoir d'encre - pour EcoTank ET-2750, ET-3700, ET-3750, ET-4750; Expression ET-2700, ET-2750, ET-3700"
4465896;C13T03R240;8715946643359;2;EPSON;;"Epson 102 - 70 ml - cyan - originale - réservoir d'encre - pour EcoTank ET-2750, ET-3700, ET-3750, ET-4750; Expression ET-2700, ET-2750, ET-3700"
4465898;C13T03R440;8715946643373;2;EPSON;;"Epson 102 - 70 ml - jaune - originale - réservoir d'encre - pour EcoTank ET-2750, ET-3700, ET-3750, ET-4750; Expression ET-2700, ET-2750, ET-3700"
4465897;C13T03R340;8715946643366;2;EPSON;;"Epson 102 - 70 ml - magenta - originale - réservoir d'encre - pour EcoTank ET-2750, ET-3700, ET-3750, ET-4750; Expression ET-2700, ET-2750, ET-3700"
4465933;C13T00Q140;8715946643090;2;EPSON;;"Epson 105 - 140 ml - noir - originale - réservoir d'encre - pour EcoTank ET-7700, ET-7750; Expression Premium ET-7700, ET-7750"
4465935;C13T00R240;8715946643311;2;EPSON;;"Epson 106 - 70 ml - cyan - originale - réservoir d'encre - pour EcoTank ET-7700, ET-7750; Expression Premium ET-7700, ET-7750"
4465937;C13T00R440;8715946643335;2;EPSON;;"Epson 106 - 70 ml - jaune - originale - réservoir d'encre - pour EcoTank ET-7700, ET-7750; Expression Premium ET-7700, ET-7750"
4465936;C13T00R340;8715946643328;2;EPSON;;"Epson 106 - 70 ml - magenta - originale - réservoir d'encre - pour EcoTank ET-7700, ET-7750; Expression Premium ET-7700, ET-7750"
4465934;C13T00R140;8715946643304;2;EPSON;;"Epson 106 - 70 ml - photo noire - originale - noir - réservoir d'encre - pour EcoTank ET-7700, ET-7750; Expression Premium ET-7700, ET-7750"
1004000;C13S051104;10343605893;2;EPSON;;Epson - photoconducteur
1454652;C13S051160;8715946390802;2;EPSON;;Epson 1160 - Haute capacité - cyan - originale - cartouche de toner - pour AcuLaser C2800DN, C2800DTN, C2800N
1454648;C13S051161;8715946390819;2;EPSON;;Epson 1161 - Haute capacité - noir - originale - cartouche de toner - pour AcuLaser C2800DN, C2800DTN, C2800N
1454653;C13S051162;8715946391120;2;EPSON;;Epson 1162 - Jaune - originale - cartouche de toner - pour AcuLaser C2800DN, C2800DTN, C2800N
1454655;C13S051164;8715946391144;2;EPSON;;Epson 1164 - Cyan - originale - cartouche de toner - pour AcuLaser C2800DN, C2800DTN, C2800N
1454649;C13S051165;8715946391151;2;EPSON;;Epson 1165 - Noir - originale - cartouche de toner - pour AcuLaser C2800DN, C2800DTN, C2800N
4108541;C13T16224012;8715946624907;2;EPSON;;Epson 16 - 3.1 ml - cyan - originale - cartouche d'encre - pour WorkForce WF-2010, 2510, 2520, 2530, 2540, 2630, 2650, 2660, 2750, 2760
4108551;C13T16244012;8715946624945;2;EPSON;;Epson 16 - 3.1 ml - jaune - originale - cartouche d'encre - pour WorkForce WF-2010, WF-2510, WF-2520, WF-2530, WF-2540, WF-2630, WF-2650, WF-2660, WF-2750
4108552;C13T16244022;8715946624952;2;EPSON;;Epson 16 - 3.1 ml - jaune - originale - emballage coque avec alarme radioélectrique - cartouche d'encre - pour WorkForce WF-2010, WF-2510, WF-2520, WF-2530, WF-2540, WF-2630, WF-2650, WF-2660, WF-2750
4108543;C13T16234012;8715946624921;2;EPSON;;Epson 16 - 3.1 ml - magenta - originale - cartouche d'encre - pour WorkForce WF-2010, 2510, 2520, 2530, 2540, 2630, 2650, 2660, 2750, 2760
4108544;C13T16234022;8715946624938;2;EPSON;;Epson 16 - 3.1 ml - magenta - originale - emballage coque avec alarme radioélectrique/ acoustique - cartouche d'encre - pour WorkForce WF-2010, 2510, 2520, 2530, 2540, 2630, 2650, 2660, 2750, 2760
4108540;C13T16214022;8715946624891;2;EPSON;;Epson 16 - 5.4 ml - noir - originale - cartouche d'encre - pour WorkForce WF-2010, 2510, 2520, 2530, 2540, 2630, 2650, 2660, 2750, 2760
4108539;C13T16214012;8715946624884;2;EPSON;;Epson 16 - 5.4 ml - noir - originale - cartouche d'encre - pour WorkForce WF-2010, 2510, 2520, 2530, 2540, 2630, 2650, 2660, 2750, 2760
4108553;C13T16264012;8715946624969;2;EPSON;;Epson 16 Multipack - Pack de 4 - noir, jaune, cyan, magenta - originale - emballage coque avec alarme radioélectrique/ acoustique - cartouche d'encre - pour WorkForce WF-2010, 2510, 2520, 2530, 2540, 2630, 2650, 2660, 2750, 2760
4108555;C13T16314012;8715946624983;2;EPSON;;Epson 16XL - 12.9 ml - XL - noir - originale - blister - cartouche d'encre - pour WorkForce WF-2010, 2510, 2520, 2530, 2540, 2630, 2650, 2660, 2750, 2760
4108561;C13T16344012;8715946625041;2;EPSON;;Epson 16XL - 6.5 ml - XL - jaune - originale - blister - cartouche d'encre - pour WorkForce WF-2010, 2510, 2520, 2530, 2540, 2630, 2650, 2660, 2750, 2760
4108559;C13T16334012;8715946625027;2;EPSON;;Epson 16XL - 6.5 ml - XL - magenta - originale - blister - cartouche d'encre - pour WorkForce WF-2010, 2510, 2520, 2530, 2540, 2630, 2650, 2660, 2750, 2760
4108560;C13T16334022;8715946625034;2;EPSON;;Epson 16XL - 6.5 ml - XL - magenta - originale - emballage coque avec alarme radioélectrique/ acoustique - cartouche d'encre - pour WorkForce WF-2010, 2510, 2520, 2530, 2540, 2630, 2650, 2660, 2750, 2760
4108563;C13T16364012;8715946625065;2;EPSON;;Epson 16XL Multipack - Pack de 4 - XL - noir, jaune, cyan, magenta - originale - blister - cartouche d'encre - pour WorkForce WF-2010, 2510, 2520, 2530, 2540, 2630, 2650, 2660, 2750, 2760
4108564;C13T16364022;8715946625072;2;EPSON;;Epson 16XL Multipack - Pack de 4 - XL - noir, jaune, cyan, magenta - originale - emballage coque avec alarme radioélectrique - cartouche d'encre - pour WorkForce WF-2010, 2510, 2520, 2530, 2540, 2630, 2650, 2660, 2750, 2760
3529315;C13T16364510;8715946607528;2;EPSON;;Epson 16XL Multipack Easy Mail Packaging - Pack de 4 - 32.4 ml - XL - noir, jaune, cyan, magenta - originale - boîte - cartouche d'encre - pour WorkForce WF-2010, WF-2510, WF-2520, WF-2530, WF-2630, WF-2650, WF-2660, WF-2750, WF-2760
4108565;C13T16814012;8715946625089;2;EPSON;;Epson 16XXL - 21.6 ml - XL - noir - originale - blister - cartouche d'encre - pour WorkForce WF-2660DWF
4108566;C13T16814022;8715946625096;2;EPSON;;Epson 16XXL - 21.6 ml - XL - noir - originale - emballage coque avec alarme radioélectrique/ acoustique - cartouche d'encre - pour WorkForce WF-2660DWF
4108569;C13T18024012;8715946625126;2;EPSON;;Epson 18 - 3.3 ml - cyan - originale - cartouche d'encre - pour Expression Home XP-212, 215, 225, 312, 315, 322, 325, 412, 415, 422, 425
4108422;C13T18024022;8715946625133;2;EPSON;;Epson 18 - 3.3 ml - cyan - originale - emballage coque avec alarme radioélectrique/ acoustique - cartouche d'encre - pour Expression Home XP-212, 215, 225, 312, 315, 322, 325, 412, 415, 422, 425
4108428;C13T18044012;8715946625164;2;EPSON;;Epson 18 - 3.3 ml - jaune - originale - cartouche d'encre - pour Expression Home XP-212, 215, 225, 312, 315, 322, 325, 412, 415, 422, 425
4108430;C13T18044022;8715946625171;2;EPSON;;Epson 18 - 3.3 ml - jaune - originale - emballage coque avec alarme radioélectrique/ acoustique - cartouche d'encre - pour Expression Home XP-212, 215, 225, 312, 315, 322, 325, 412, 415, 422, 425
4108424;C13T18034012;8715946625140;2;EPSON;;Epson 18 - 3.3 ml - magenta - originale - cartouche d'encre - pour Expression Home XP-212, 215, 225, 312, 315, 322, 325, 412, 415, 422, 425
4108426;C13T18034022;8715946625157;2;EPSON;;Epson 18 - 3.3 ml - magenta - originale - emballage coque avec alarme radioélectrique/ acoustique - cartouche d'encre - pour Expression Home XP-212, 215, 225, 312, 315, 322, 325, 412, 415, 422, 425
4108567;C13T18014012;8715946625102;2;EPSON;;Epson 18 - 5.2 ml - noir - originale - cartouche d'encre - pour Expression Home XP-212, 215, 225, 312, 315, 322, 325, 412, 415, 422, 425
4108568;C13T18014022;8715946625119;2;EPSON;;Epson 18 - 5.2 ml - noir - originale - emballage coque avec alarme radioélectrique/ acoustique - cartouche d'encre - pour Expression Home XP-212, 215, 225, 312, 315, 322, 325, 412, 415, 422, 425
4108546;C13T18114012;8715946625201;2;EPSON;;Epson 18XL - 11.5 ml - XL - noir - originale - cartouche d'encre - pour Expression Home XP-212, 215, 225, 312, 315, 322, 325, 412, 415, 422, 425
4108547;C13T18114022;8715946625218;2;EPSON;;Epson 18XL - 11.5 ml - XL - noir - originale - emballage coque avec alarme radioélectrique - cartouche d'encre - pour Expression Home XP-212, 215, 225, 312, 315, 322, 325, 412, 415, 422, 425
4108548;C13T18124012;8715946625225;2;EPSON;;Epson 18XL - 6.6 ml - XL - cyan - originale - cartouche d'encre - pour Expression Home XP-212, 215, 225, 312, 315, 322, 325, 412, 415, 422, 425
4108549;C13T18124022;8715946625232;2;EPSON;;Epson 18XL - 6.6 ml - XL - cyan - originale - emballage coque avec alarme radioélectrique - cartouche d'encre - pour Expression Home XP-212, 215, 225, 312, 315, 322, 325, 412, 415, 422, 425
4108481;C13T18144012;8715946625263;2;EPSON;;Epson 18XL - 6.6 ml - XL - jaune - originale - cartouche d'encre - pour Expression Home XP-212, 215, 225, 312, 315, 322, 325, 412, 415, 422, 425
4108550;C13T18134012;8715946625249;2;EPSON;;Epson 18XL - 6.6 ml - XL - magenta - originale - cartouche d'encre - pour Expression Home XP-212, 215, 225, 312, 315, 322, 325, 412, 415, 422, 425
4108480;C13T18134022;8715946625256;2;EPSON;;Epson 18XL - 6.6 ml - XL - magenta - originale - emballage coque avec alarme radioélectrique - cartouche d'encre - pour Expression Home XP-212, 215, 225, 312, 315, 322, 325, 412, 415, 422, 425
4108483;C13T18164012;8715946625287;2;EPSON;;Epson 18XL - Pack de 4 - XL - noir, jaune, cyan, magenta - originale - blister - cartouche d'encre - pour Expression Home XP-212, 215, 225, 312, 315, 322, 325, 412, 415, 422, 425
4108484;C13T18164022;8715946625294;2;EPSON;;Epson 18XL Multipack - Pack de 4 - XL - noir, jaune, cyan, magenta - originale - emballage coque avec alarme radioélectrique - cartouche d'encre - pour Expression Home XP-212, 215, 225, 312, 315, 322, 325, 412, 415, 422, 425
4420731;C13T02F24010;8715946646220;2;EPSON;;"Epson 202 - 4.1 ml - cyan - originale - blister - cartouche d'encre - pour Expression Home XP-202; Expression Premium XP-6000, XP-6005"
4465881;C13T02F44010;8715946646268;2;EPSON;;Epson 202 - 4.1 ml - jaune - originale - cartouche d'encre - pour Expression Premium XP-6000, XP-6005
4465882;C13T02F44020;8715946646275;2;EPSON;;Epson 202 - 4.1 ml - jaune - originale - emballage coque avec alarme radioélectrique - cartouche d'encre - pour Expression Premium XP-6000, XP-6005
4465549;C13T02F34010;8715946646244;2;EPSON;;Epson 202 - 4.1 ml - magenta - originale - blister - cartouche d'encre - pour Expression Premium XP-6000, XP-6005
4465546;C13T02F14010;8715946646206;2;EPSON;;Epson 202 - 4.1 ml - photo noire - originale - blister - cartouche d'encre - pour Expression Premium XP-6000, XP-6005
4465938;C13T02E14010;8715946646183;2;EPSON;;Epson 202 - 6.9 ml - noir - originale - blister - cartouche d'encre - pour Expression Premium XP-6000, XP-6005
4465883;C13T02G14010;8715946646282;2;EPSON;;Epson 202XL - 13.8 ml - noir - originale - blister - cartouche d'encre - pour Expression Premium XP-6000, XP-6005
4465887;C13T02H14010;8715946646305;2;EPSON;;Epson 202XL - 7.9 ml - haute capacité - photo noire - originale - blister - cartouche d'encre - pour Expression Premium XP-6000, XP-6005
4465889;C13T02H24010;8715946646329;2;EPSON;;Epson 202XL - 8.5 ml - haute capacité - cyan - originale - blister - cartouche d'encre - pour Expression Premium XP-6000, XP-6005
4465893;C13T02H44010;8715946646367;2;EPSON;;Epson 202XL - 8.5 ml - XL - jaune - originale - blister - cartouche d'encre - pour Expression Premium XP-6000, XP-6005
4465891;C13T02H34010;8715946646343;2;EPSON;;Epson 202XL - 8.5 ml - XL - magenta - originale - blister - cartouche d'encre - pour Expression Premium XP-6000, XP-6005
4465892;C13T02H34020;8715946646350;2;EPSON;;Epson 202XL - 8.5 ml - XL - magenta - originale - emballage coque avec alarme radioélectrique/ acoustique - cartouche d'encre - pour Expression Premium XP-6000, XP-6005
4465886;C13T02G74020;8715946646466;2;EPSON;;Epson 202XL Multipack - Pack de 5 - 47.2 ml - XL - noir, jaune, cyan, magenta, photo noire - originale - emballage coque avec alarme radioélectrique/ acoustique - cartouche d'encre - pour Expression Premium XP-6000, XP-6005
4108488;C13T24224022;8715946625331;2;EPSON;;"Epson 24 - 4.6 ml - cyan - originale - emballage coque avec alarme radioélectrique - cartouche d'encre - pour Expression Photo XP-55, 750, 760, 850, 860, 950, 960; Expression Premium XP-750, 850"
4108491;C13T24244012;8715946625362;2;EPSON;;"Epson 24 - 4.6 ml - jaune - originale - cartouche d'encre - pour Expression Photo XP-55, 750, 760, 850, 860, 950, 960; Expression Premium XP-750, 850"
4108492;C13T24244022;8715946625379;2;EPSON;;"Epson 24 - 4.6 ml - jaune - originale - emballage coque avec alarme radioélectrique - cartouche d'encre - pour Expression Photo XP-55, 750, 760, 850, 860, 950, 960; Expression Premium XP-750, 850"
4108489;C13T24234012;8715946625348;2;EPSON;;"Epson 24 - 4.6 ml - magenta - originale - cartouche d'encre - pour Expression Photo XP-55, 750, 760, 850, 860, 950, 960; Expression Premium XP-750, 850"
4108496;C13T24264022;8715946625416;2;EPSON;;"Epson 24 - 5.1 ml - magenta clair - originale - emballage coque avec alarme radioélectrique - cartouche d'encre - pour Expression Photo XP-55, 750, 760, 850, 860, 950, 960; Expression Premium XP-750, 850"
4108485;C13T24214012;8715946625300;2;EPSON;;"Epson 24 - 5.1 ml - noir - originale - cartouche d'encre - pour Expression Photo XP-55, 750, 760, 850, 860, 950, 960; Expression Premium XP-750, 850"
4108486;C13T24214022;8715946625317;2;EPSON;;"Epson 24 - 5.1 ml - noir - originale - emballage coque avec alarme radioélectrique - cartouche d'encre - pour Expression Photo XP-55, 750, 760, 850, 860, 950, 960; Expression Premium XP-750, 850"
3696477;C13T24284011;8715946615141;2;EPSON;;Epson 24 Multipack - Pack de 6 - 29.1 ml - noir, jaune, cyan, magenta, magenta clair, cyan clair - originale - blister - cartouche d'encre - pour Expression Photo XP-55, XP-750, XP-760, XP-850, XP-860, XP-950, XP-960
3696478;C13T24284021;8715946615103;2;EPSON;;Epson 24 Multipack - Pack de 6 - noir, jaune, cyan, magenta, magenta clair, cyan clair - originale - cartouche d'encre - pour Expression Photo XP-55, XP-750, XP-760, XP-850, XP-860, XP-950, XP-960
3529316;C13T24284510;8715946607542;2;EPSON;;Epson 24 Multipack Easy Mail Packaging - Pack de 6 - 29.1 ml - noir, jaune, cyan, magenta, magenta clair, cyan clair - originale - boîte - cartouche d'encre - pour Expression Photo XP-55, XP-750, XP-760, XP-850, XP-860, XP-950, XP-960
4108497;C13T24314012;8715946625423;2;EPSON;;"Epson 24XL - 10 ml - XL - noir - originale - cartouche d'encre - pour Expression Photo XP-55, 750, 760, 850, 860, 950, 960; Expression Premium XP-750, 850"
4108499;C13T24324012;8715946625447;2;EPSON;;"Epson 24XL - 8.7 ml - XL - cyan - originale - cartouche d'encre - pour Expression Photo XP-55, 750, 760, 850, 860, 950, 960; Expression Premium XP-750, 850"
4108503;C13T24344012;8715946625485;2;EPSON;;"Epson 24XL - 8.7 ml - XL - jaune - originale - cartouche d'encre - pour Expression Photo XP-55, 750, 760, 850, 860, 950, 960; Expression Premium XP-750, 850"
4108501;C13T24334012;8715946625461;2;EPSON;;"Epson 24XL - 8.7 ml - XL - magenta - originale - cartouche d'encre - pour Expression Photo XP-55, 750, 760, 850, 860, 950, 960; Expression Premium XP-750, 850"
4108507;C13T24364012;8715946625522;2;EPSON;;"Epson 24XL - 9.8 ml - XL - magenta clair - originale - cartouche d'encre - pour Expression Photo XP-55, 750, 760, 850, 860, 950, 960; Expression Premium XP-750, 850"
3696479;C13T24384011;8715946615158;2;EPSON;;"Epson 24XL Multipack - Pack de 6 - 55.7 ml - XL - noir, jaune, cyan, magenta, magenta clair, cyan clair - originale - blister - cartouche d'encre - pour Expression Photo XP-55, 750, 760, 850, 860, 950, 960; Expression Premium XP-750, 850"
3529317;C13T24384510;8715946607566;2;EPSON;;Epson 24XL Multipack Easy Mail Packaging - Pack de 6 - 55.7 ml - XL - noir, jaune, cyan, magenta, magenta clair, cyan clair - originale - boîte - cartouche d'encre - pour Expression Photo XP-55, XP-750, XP-760, XP-850, XP-860, XP-950, XP-960
4108513;C13T26124012;8715946625584;2;EPSON;;Epson 26 - 4.5 ml - cyan - originale - blister - cartouche d'encre - pour Expression Premium XP-510, 520, 600, 605, 610, 615, 620, 625, 700, 710, 720, 800, 810, 820
4108514;C13T26124022;8715946625591;2;EPSON;;Epson 26 - 4.5 ml - cyan - originale - emballage coque avec alarme radioélectrique/ acoustique - cartouche d'encre - pour Expression Premium XP-510, 520, 600, 605, 610, 615, 620, 625, 700, 710, 720, 800, 810, 820
4108517;C13T26144012;8715946625621;2;EPSON;;Epson 26 - 4.5 ml - jaune - originale - blister - cartouche d'encre - pour Expression Premium XP-510, 520, 600, 605, 610, 615, 620, 625, 700, 710, 720, 800, 810, 820
4108518;C13T26144022;8715946625638;2;EPSON;;Epson 26 - 4.5 ml - jaune - originale - emballage coque avec alarme radioélectrique/ acoustique - cartouche d'encre - pour Expression Premium XP-510, 520, 600, 605, 610, 615, 620, 625, 700, 710, 720, 800, 810, 820
4108516;C13T26134022;8715946625614;2;EPSON;;Epson 26 - 4.5 ml - magenta - originale - emballage coque avec alarme radioélectrique/ acoustique - cartouche d'encre - pour Expression Premium XP-510, 520, 600, 605, 610, 615, 620, 625, 700, 710, 720, 800, 810, 820
4108511;C13T26114012;8715946625560;2;EPSON;;Epson 26 - 4.7 ml - photo noire - originale - blister - cartouche d'encre - pour Expression Premium XP-510, 520, 600, 605, 610, 615, 620, 625, 700, 710, 720, 800, 810, 820
4108512;C13T26114022;8715946625577;2;EPSON;;Epson 26 - 4.7 ml - photo noire - originale - emballage coque avec alarme radioélectrique/ acoustique - cartouche d'encre - pour Expression Premium XP-510, 520, 600, 605, 610, 615, 620, 625, 700, 710, 720, 800, 810, 820
4108510;C13T26014022;8715946625553;2;EPSON;;Epson 26 - 6.2 ml - noir - originale - emballage coque avec alarme radioélectrique/ acoustique - cartouche d'encre - pour Expression Premium XP-510, 520, 600, 605, 610, 615, 620, 625, 700, 710, 720, 800, 810, 820
2533908;C13T26164010;8715946519869;2;EPSON;;Epson 26 Multipack - Pack de 4 - noir, jaune, cyan, magenta - originale - cartouche d'encre - pour Expression Premium XP-510, 520, 600, 605, 610, 615, 620, 625, 700, 710, 720, 800, 810, 820
3225415;C13T26614010;8715946541822;2;EPSON;;Epson 266 - 6 ml - noir - originale - cartouche d'encre - pour WorkForce WF-100W
3225416;C13T26704010;8715946541846;2;EPSON;;Epson 267 - 7 ml - jaune, cyan, magenta - originale - cartouche d'encre - pour WorkForce WF-100W
4108519;C13T26214012;8715946625645;2;EPSON;;Epson 26XL - 12.2 ml - XL - noir - originale - blister - cartouche d'encre - pour Expression Premium XP-510, 520, 600, 605, 610, 615, 620, 625, 700, 710, 720, 800, 810, 820
4108521;C13T26314012;8715946625669;2;EPSON;;Epson 26XL - 8.7 ml - XL - photo noire - originale - blister - cartouche d'encre - pour Expression Premium XP-510, 520, 600, 605, 610, 615, 620, 625, 700, 710, 720, 800, 810, 820
4108523;C13T26324012;8715946625683;2;EPSON;;Epson 26XL - 9.7 ml - XL - cyan - originale - blister - cartouche d'encre - pour Expression Premium XP-510, 520, 600, 605, 610, 615, 620, 625, 700, 710, 720, 800, 810, 820
4108571;C13T26344012;8715946625720;2;EPSON;;Epson 26XL - 9.7 ml - XL - jaune - originale - blister - cartouche d'encre - pour Expression Premium XP-510, 520, 600, 605, 610, 615, 620, 625, 700, 710, 720, 800, 810, 820
4108575;C13T27024012;8715946625768;2;EPSON;;Epson 27 - 3.6 ml - cyan - originale - cartouche d'encre - pour WorkForce WF-3620, WF-3640, WF-7110, WF-7210, WF-7610, WF-7620, WF-7710, WF-7715
4108586;C13T27044012;8715946625805;2;EPSON;;Epson 27 - 3.6 ml - jaune - originale - cartouche d'encre - pour WorkForce WF-3620, WF-3640, WF-7110, WF-7210, WF-7610, WF-7620, WF-7710, WF-7715
4108584;C13T27034012;8715946625782;2;EPSON;;Epson 27 - 3.6 ml - magenta - originale - cartouche d'encre - pour WorkForce WF-3620, WF-3640, WF-7110, WF-7210, WF-7610, WF-7620, WF-7710, WF-7715
4108588;C13T27054012;8715946625829;2;EPSON;;Epson 27 Multi-Pack - Pack de 3 - 10.8 ml - jaune, cyan, magenta - originale - cartouche d'encre - pour WorkForce WF-3620, WF-3640, WF-7110, WF-7210, WF-7610, WF-7620, WF-7710, WF-7715
4108589;C13T27054022;8715946625836;2;EPSON;;Epson 27 Multi-Pack - Pack de 3 - 10.8 ml - jaune, cyan, magenta - originale - emballage coque avec alarme radioélectrique/ acoustique - cartouche d'encre - pour WorkForce WF-3620, WF-3640, WF-7110, WF-7610, WF-7620, WF-7715
4108596;C13T27144012;8715946625904;2;EPSON;;Epson 27XL - 10.4 ml - XL - jaune - originale - cartouche d'encre - pour WorkForce WF-3620, WF-3640, WF-7110, WF-7210, WF-7610, WF-7620, WF-7710, WF-7715, WF-7720
4108594;C13T27134012;8715946625881;2;EPSON;;Epson 27XL - 10.4 ml - XL - magenta - originale - cartouche d'encre - pour WorkForce WF-3620, WF-3640, WF-7110, WF-7210, WF-7610, WF-7620, WF-7710, WF-7715, WF-7720
4108592;C13T27124012;8715946625867;2;EPSON;;Epson 27XL - 17.7 ml - XL - cyan - originale - cartouche d'encre - pour WorkForce WF-3620, WF-3640, WF-7110, WF-7210, WF-7610, WF-7620, WF-7710, WF-7715, WF-7720
4108590;C13T27114012;8715946625843;2;EPSON;;Epson 27XL - 17.7 ml - XL - noir - originale - cartouche d'encre - pour WorkForce WF-3620, WF-3640, WF-7110, WF-7210, WF-7610, WF-7620, WF-7710, WF-7715, WF-7720
4108591;C13T27114022;8715946625850;2;EPSON;;Epson 27XL - 17.7 ml - XL - noir - originale - emballage coque avec alarme radioélectrique/ acoustique - cartouche d'encre - pour WorkForce WF-3620, WF-3640, WF-7110, WF-7610, WF-7620, WF-7715, WF-7720
4108598;C13T27154012;8715946625928;2;EPSON;;Epson 27XL Multipack - Pack de 3 - 31.2 ml - XL - jaune, cyan, magenta - originale - cartouche d'encre - pour WorkForce WF-3620, WF-3640, WF-7110, WF-7210, WF-7610, WF-7620, WF-7710, WF-7715, WF-7720
4108598;C13T27154012;8715946625928;2;EPSON;;Outlet Epson 27XL Multipack - Pack de 3 - 31.2 ml - XL - jaune, cyan, magenta - originale - cartouche d'encre - pour WorkForce WF-3620, WF-3640, WF-7110, WF-7210, WF-7610, WF-7620, WF-7710, WF-7715, WF-7720
4108599;C13T27154022;8715946625935;2;EPSON;;Epson 27XL Multipack - Pack de 3 - 31.2 ml - XL - jaune, cyan, magenta - originale - emballage coque avec alarme radioélectrique - cartouche d'encre - pour WorkForce WF-3620, WF-3640, WF-7110, WF-7610, WF-7620, WF-7715, WF-7720
4108600;C13T27914012;8715946625942;2;EPSON;;Epson 27XXL - 34.1 ml - XL - noir - originale - blister - cartouche d'encre - pour WorkForce WF-3620, WF-3640, WF-7110, WF-7210, WF-7610, WF-7620, WF-7710, WF-7715, WF-7720
4108604;C13T29824012;8715946625980;2;EPSON;;Epson 29 - 3.2 ml - cyan - originale - blister - cartouche d'encre - pour Expression Home XP-235, 245, 247, 332, 335, 342, 345, 432, 435, 442, 445
4108605;C13T29824022;8715946625997;2;EPSON;;Epson 29 - 3.2 ml - cyan - originale - emballage coque avec alarme radioélectrique/ acoustique - cartouche d'encre - pour Expression Home XP-235, 245, 247, 332, 335, 342, 345, 432, 435, 442, 445
4108608;C13T29844012;8715946626024;2;EPSON;;Epson 29 - 3.2 ml - jaune - originale - blister - cartouche d'encre - pour Expression Home XP-235, 245, 247, 332, 335, 342, 345, 432, 435, 442, 445
4108609;C13T29844022;8715946626031;2;EPSON;;Epson 29 - 3.2 ml - jaune - originale - emballage coque avec alarme radioélectrique/ acoustique - cartouche d'encre - pour Expression Home XP-235, 245, 247, 332, 335, 342, 345, 432, 435, 442, 445
4108606;C13T29834012;8715946626000;2;EPSON;;Epson 29 - 3.2 ml - magenta - originale - blister - cartouche d'encre - pour Expression Home XP-235, 245, 247, 332, 335, 342, 345, 432, 435, 442, 445
4108602;C13T29814012;8715946625966;2;EPSON;;Epson 29 - 5.3 ml - noir - originale - blister - cartouche d'encre - pour Expression Home XP-235, 245, 247, 332, 335, 342, 345, 432, 435, 442, 445
4108603;C13T29814022;8715946625973;2;EPSON;;Epson 29 - 5.3 ml - noir - originale - emballage coque avec alarme radioélectrique/ acoustique - cartouche d'encre - pour Expression Home XP-235, 245, 247, 332, 335, 342, 345, 432, 435, 442, 445
4108611;C13T29864022;8715946626055;2;EPSON;;Epson 29 Multipack - Pack de 4 - 14.9 ml - noir, jaune, cyan, magenta - originale - emballage coque avec alarme radioélectrique/ acoustique - cartouche d'encre - pour Expression Home XP-235, 245, 247, 332, 335, 342, 345, 432, 435, 442, 445
4108612;C13T29914012;8715946626062;2;EPSON;;Epson 29XL - 11.3 ml - XL - noir - originale - blister - cartouche d'encre - pour Expression Home XP-235, 245, 247, 332, 335, 342, 345, 432, 435, 442, 445
4108613;C13T29914022;8715946626079;2;EPSON;;Epson 29XL - 11.3 ml - XL - noir - originale - emballage coque avec alarme radioélectrique/ acoustique - cartouche d'encre - pour Expression Home XP-235, 245, 247, 332, 335, 342, 345, 432, 435, 442, 445
4108614;C13T29924012;8715946626086;2;EPSON;;Epson 29XL - 6.4 ml - XL - cyan - originale - blister - cartouche d'encre - pour Expression Home XP-235, 245, 247, 332, 335, 342, 345, 432, 435, 442, 445
4108476;C13T29944012;8715946626123;2;EPSON;;Epson 29XL - 6.4 ml - XL - jaune - originale - blister - cartouche d'encre - pour Expression Home XP-235, 245, 247, 332, 335, 342, 345, 432, 435, 442, 445
4108477;C13T29944022;8715946626130;2;EPSON;;Epson 29XL - 6.4 ml - XL - jaune - originale - emballage coque avec alarme radioélectrique/ acoustique - cartouche d'encre - pour Expression Home XP-235, 245, 247, 332, 335, 342, 345, 432, 435, 442, 445
4108474;C13T29934012;8715946626109;2;EPSON;;Epson 29XL - 6.4 ml - XL - magenta - originale - blister - cartouche d'encre - pour Expression Home XP-235, 245, 247, 332, 335, 342, 345, 432, 435, 442, 445
4108479;C13T29964022;8715946626154;2;EPSON;;Outlet Epson 29XL Multipack - Pack de 4 - 30.5 ml - XL - noir, jaune, cyan, magenta - originale - emballage coque avec alarme radioélectrique/ acoustique - cartouche d'encre - pour Expression Home XP-235, 245, 247, 332, 335, 342, 345, 432, 435, 442, 445
3529319;C13T29964510;8715946604619;2;EPSON;;Epson 29XL Multipack - Pack de 4 - XL - noir, jaune, cyan, magenta - originale - cartouche d'encre - pour Expression Home XP-235, 245, 247, 332, 335, 342, 345, 432, 435, 442, 445
4108580;C13T33424012;8715946626208;2;EPSON;;"Epson 33 - 4.5 ml - cyan - originale - blister - cartouche d'encre - pour Expression Home XP-635, 830; Expression Premium XP-530, 540, 630, 635, 640, 645, 830, 900"
4108581;C13T33424022;8715946626215;2;EPSON;;"Epson 33 - 4.5 ml - cyan - originale - emballage coque avec alarme radioélectrique/ acoustique - cartouche d'encre - pour Expression Home XP-530, 630, 635, 830; Expression Premium XP-540, 630, 640, 645, 830, 900"
4108527;C13T33444012;8715946626246;2;EPSON;;"Epson 33 - 4.5 ml - jaune - originale - blister - cartouche d'encre - pour Expression Home XP-635, 830; Expression Premium XP-530, 540, 630, 635, 640, 645, 830, 900"
4108582;C13T33434012;8715946626222;2;EPSON;;"Epson 33 - 4.5 ml - magenta - originale - blister - cartouche d'encre - pour Expression Home XP-635, 830; Expression Premium XP-530, 540, 630, 635, 640, 645, 830, 900"
4108578;C13T33414012;8715946626185;2;EPSON;;"Epson 33 - 4.5 ml - photo noire - originale - blister - cartouche d'encre - pour Expression Home XP-635, 830; Expression Premium XP-530, 540, 630, 635, 640, 645, 830, 900"
4108579;C13T33414022;8715946626192;2;EPSON;;"Epson 33 - 4.5 ml - photo noire - originale - emballage coque avec alarme radioélectrique/ acoustique - cartouche d'encre - pour Expression Home XP-635, 830; Expression Premium XP-530, 540, 630, 635, 640, 645, 830, 900"
4465902;C13T33374011;8715946645278;2;EPSON;;Epson 33 Multipack - Pack de 5 - 24.4 ml - noir, jaune, cyan, magenta, photo noire - originale - blister - cartouche d'encre - pour Expression Premium XP-530, XP-540, XP-630, XP-635, XP-640, XP-645, XP-830, XP-900
4108529;C13T33514012;8715946626260;2;EPSON;;"Epson 33XL - 12.2 ml - XL - noir - originale - blister - cartouche d'encre - pour Expression Home XP-635, 830; Expression Premium XP-530, 540, 630, 635, 640, 645, 830, 900"
4108530;C13T33514022;8715946626277;2;EPSON;;"Epson 33XL - 12.2 ml - XL - noir - originale - emballage coque avec alarme radioélectrique/ acoustique - cartouche d'encre - pour Expression Home XP-635, 830; Expression Premium XP-530, 540, 630, 635, 640, 645, 830, 900"
4108531;C13T33614012;8715946626284;2;EPSON;;"Epson 33XL - 8.1 ml - XL - photo noire - originale - blister - cartouche d'encre - pour Expression Home XP-635, 830; Expression Premium XP-530, 540, 630, 635, 640, 645, 830, 900"
4108532;C13T33614022;8715946626291;2;EPSON;;"Epson 33XL - 8.1 ml - XL - photo noire - originale - emballage coque avec alarme radioélectrique/ acoustique - cartouche d'encre - pour Expression Home XP-635, 830; Expression Premium XP-530, 540, 630, 635, 640, 645, 830, 900"
4108533;C13T33624012;8715946626307;2;EPSON;;"Epson 33XL - 8.9 ml - XL - cyan - originale - blister - cartouche d'encre - pour Expression Home XP-635, 830; Expression Premium XP-530, 540, 630, 635, 640, 645, 830, 900"
4108537;C13T33644012;8715946626345;2;EPSON;;"Epson 33XL - 8.9 ml - XL - jaune - originale - blister - cartouche d'encre - pour Expression Home XP-635, 830; Expression Premium XP-530, 540, 630, 635, 640, 645, 830, 900"
4108535;C13T33634012;8715946626321;2;EPSON;;"Epson 33XL - 8.9 ml - XL - magenta - originale - blister - cartouche d'encre - pour Expression Home XP-635, 830; Expression Premium XP-530, 540, 630, 635, 640, 645, 830, 900"
4465904;C13T33574011;8715946645292;2;EPSON;;Epson 33XL Multipack - Pack de 5 - 47 ml - XL - noir, jaune, cyan, magenta, photo noire - originale - blister - cartouche d'encre - pour Expression Premium XP-530, XP-630, XP-635, XP-640, XP-645, XP-830, XP-900
4465905;C13T33574021;8715946645506;2;EPSON;;Epson 33XL Multipack - Pack de 5 - 47 ml - XL - noir, jaune, cyan, magenta, photo noire - originale - emballage coque avec alarme radioélectrique/ acoustique - cartouche d'encre - pour Expression Premium XP-530, XP-630, XP-635, XP-640, XP-645, XP-830, XP-900
4198522;C13T34624010;8715946632056;2;EPSON;;Epson 34 - 4.2 ml - cyan - originale - cartouche d'encre - pour WorkForce Pro WF-3720, WF-3720DWF, WF-3725DWF
4198535;C13T34644010;8715946632094;2;EPSON;;Epson 34 - 4.2 ml - jaune - originale - cartouche d'encre - pour WorkForce Pro WF-3720, WF-3720DWF, WF-3725DWF
4198524;C13T34634010;8715946632070;2;EPSON;;Epson 34 - 4.2 ml - magenta - originale - cartouche d'encre - pour WorkForce Pro WF-3720, WF-3720DWF, WF-3725DWF
4198537;C13T34664010;8715946632117;2;EPSON;;Epson 34 - Pack de 4 - noir, jaune, cyan, magenta - originale - blister - cartouche d'encre - pour WorkForce Pro WF-3720, WF-3720DWF, WF-3725DWF
4198541;C13T34724010;8715946632155;2;EPSON;;Epson 34XL - 10.8 ml - XL - cyan - originale - cartouche d'encre - pour WorkForce Pro WF-3720, WF-3720DWF, WF-3725DWF
4198502;C13T34744010;8715946632193;2;EPSON;;Epson 34XL - 10.8 ml - XL - jaune - originale - blister - cartouche d'encre - pour WorkForce Pro WF-3720, WF-3720DWF, WF-3725DWF
4198480;C13T34734010;8715946632179;2;EPSON;;Epson 34XL - 10.8 ml - XL - magenta - originale - blister - cartouche d'encre - pour WorkForce Pro WF-3720, WF-3720DWF, WF-3725DWF
4198539;C13T34714010;8715946632131;2;EPSON;;Epson 34XL - 16.3 ml - XL - noir - originale - blister - cartouche d'encre - pour WorkForce Pro WF-3720, WF-3720DWF, WF-3725DWF
4198504;C13T34764010;8715946632216;2;EPSON;;Epson 34XL - Pack de 4 - XL - noir, jaune, cyan, magenta - originale - blister - cartouche d'encre - pour WorkForce Pro WF-3720, WF-3720DWF, WF-3725DWF
4198506;C13T35814010;8715946632254;2;EPSON;;Epson 35 - 16.1 ml - noir - originale - blister - cartouche d'encre - pour WorkForce Pro WF-4720, WF-4720DWF, WF-4725DWF, WF-4730, WF-4730DTWF, WF-4740, WF-4740DTWF
4198525;C13T35824010;8715946632278;2;EPSON;;Epson 35 - 9.1 ml - cyan - originale - cartouche d'encre - pour WorkForce Pro WF-4720, WF-4720DWF, WF-4725DWF, WF-4730, WF-4730DTWF, WF-4740, WF-4740DTWF
4198529;C13T35844010;8715946632315;2;EPSON;;Epson 35 - 9.1 ml - jaune - originale - blister - cartouche d'encre - pour WorkForce Pro WF-4720, WF-4720DWF, WF-4725DWF, WF-4730, WF-4730DTWF, WF-4740, WF-4740DTWF
4198531;C13T35864010;8715946632339;2;EPSON;;Epson 35 Multipack - Pack de 4 - noir, jaune, cyan, magenta - originale - blister - cartouche d'encre - pour WorkForce Pro WF-4720, WF-4720DWF, WF-4725DWF, WF-4730, WF-4730DTWF, WF-4740, WF-4740DTWF
4198532;C13T35864020;8715946632346;2;EPSON;;Epson 35 Multipack - Pack de 4 - noir, jaune, cyan, magenta - originale - emballage coque avec alarme radioélectrique/ acoustique - cartouche d'encre - pour WorkForce Pro WF-4720, WF-4720DWF, WF-4725DWF, WF-4730, WF-4740, WF-4740DTWF
4198509;C13T35924010;8715946632377;2;EPSON;;Epson 35XL - 20.3 ml - XL - cyan - originale - blister - cartouche d'encre - pour WorkForce Pro WF-4720, WF-4720DWF, WF-4725DWF, WF-4730, WF-4730DTWF, WF-4740, WF-4740DTWF
4198510;C13T35924020;8715946632384;2;EPSON;;Epson 35XL - 20.3 ml - XL - cyan - originale - emballage coque avec alarme radioélectrique/ acoustique - cartouche d'encre - pour WorkForce Pro WF-4720, WF-4720DWF, WF-4725DWF, WF-4730, WF-4740, WF-4740DTWF
4198513;C13T35944010;8715946632414;2;EPSON;;Epson 35XL - 20.3 ml - XL - jaune - originale - blister - cartouche d'encre - pour WorkForce Pro WF-4720, WF-4720DWF, WF-4725DWF, WF-4730, WF-4730DTWF, WF-4740, WF-4740DTWF
4198514;C13T35944020;8715946632421;2;EPSON;;Epson 35XL - 20.3 ml - XL - jaune - originale - emballage coque avec alarme radioélectrique/ acoustique - cartouche d'encre - pour WorkForce Pro WF-4720, WF-4720DWF, WF-4725DWF, WF-4730, WF-4740, WF-4740DTWF
4198511;C13T35934010;8715946632391;2;EPSON;;Epson 35XL - 20.3 ml - XL - magenta - originale - blister - cartouche d'encre - pour WorkForce Pro WF-4720, WF-4720DWF, WF-4725DWF, WF-4730, WF-4730DTWF, WF-4740, WF-4740DTWF
4198512;C13T35934020;8715946632407;2;EPSON;;Epson 35XL - 20.3 ml - XL - magenta - originale - emballage coque avec alarme radioélectrique/ acoustique - cartouche d'encre - pour WorkForce Pro WF-4720, WF-4720DWF, WF-4725DWF, WF-4730, WF-4740, WF-4740DTWF
4198508;C13T35914020;8715946632360;2;EPSON;;Epson 35XL - 41.2 ml - XL - noir - originale - emballage coque avec alarme radioélectrique/ acoustique - cartouche d'encre - pour WorkForce Pro WF-4720, WF-4720DWF, WF-4725DWF, WF-4730, WF-4740, WF-4740DTWF
4198515;C13T35964010;8715946632438;2;EPSON;;Epson 35XL Multipack - Pack de 4 - XL - noir, jaune, cyan, magenta - originale - cartouche d'encre - pour WorkForce Pro WF-4720, WF-4720DWF, WF-4725DWF, WF-4730, WF-4730DTWF, WF-4740, WF-4740DTWF
4198516;C13T35964020;8715946632445;2;EPSON;;Epson 35XL Multipack - Pack de 4 - XL - noir, jaune, cyan, magenta - originale - emballage coque avec alarme radioélectrique/ acoustique - cartouche d'encre - pour WorkForce Pro WF-4720, WF-4720DWF, WF-4725DWF, WF-4730, WF-4740, WF-4740DTWF
4465908;C13T37824010;8715946645742;2;EPSON;;"Epson 378 - 4.1 ml - cyan - originale - blister - cartouche d'encre - pour Expression Home HD XP-15000; Expression Photo XP-8500, XP-8500 Small-in-One, XP-8505"
4420360;C13T37844010;8715946645780;2;EPSON;;"Epson 378 - 4.1 ml - jaune - originale - blister - cartouche d'encre - pour Expression Home HD XP-15000; Expression Photo XP-8500, XP-8500 Small-in-One, XP-8505"
4465910;C13T37834010;8715946645766;2;EPSON;;"Epson 378 - 4.1 ml - magenta - originale - blister - cartouche d'encre - pour Expression Home HD XP-15000; Expression Photo XP-8500, XP-8500 Small-in-One, XP-8505"
4465913;C13T37854010;8715946645803;2;EPSON;;Epson 378 - 4.8 ml - cyan clair - originale - blister - cartouche d'encre - pour Expression Photo XP-8500, XP-8500 Small-in-One, XP-8505
4465915;C13T37864010;8715946645827;2;EPSON;;Epson 378 - 4.8 ml - magenta clair - originale - blister - cartouche d'encre - pour Expression Photo XP-8500, XP-8500 Small-in-One, XP-8505
4465906;C13T37814010;8715946645728;2;EPSON;;"Epson 378 - 5.5 ml - noir - originale - blister - cartouche d'encre - pour Expression Home HD XP-15000; Expression Photo XP-8500, XP-8500 Small-in-One, XP-8505"
4465929;C13T37964010;8715946645940;2;EPSON;;Epson 378XL - 10.3 ml - XL - magenta clair - originale - blister - cartouche d'encre - pour Expression Photo XP-8500, XP-8500 Small-in-One, XP-8505
4465919;C13T37914010;8715946645841;2;EPSON;;"Epson 378XL - 11.2 ml - XL - noir - originale - blister - cartouche d'encre - pour Expression Home HD XP-15000; Expression Photo XP-8500, XP-8500 Small-in-One, XP-8505"
4465921;C13T37924010;8715946645865;2;EPSON;;"Epson 378XL - 9.3 ml - haute capacité - cyan - originale - blister - cartouche d'encre - pour Expression Home HD XP-15000; Expression Photo XP-8500, XP-8500 Small-in-One, XP-8505"
4465925;C13T37944010;8715946645902;2;EPSON;;"Epson 378XL - 9.3 ml - XL - jaune - originale - blister - cartouche d'encre - pour Expression Home HD XP-15000; Expression Photo XP-8500, XP-8500 Small-in-One, XP-8505"
4465923;C13T37934010;8715946645889;2;EPSON;;"Epson 378XL - 9.3 ml - XL - magenta - originale - blister - cartouche d'encre - pour Expression Home HD XP-15000; Expression Photo XP-8500, XP-8500 Small-in-One, XP-8505"
4465931;C13T37984010;8715946646497;2;EPSON;;Epson 378XL Multipack - Pack de 6 - XL - noir, jaune, cyan, magenta, magenta clair, cyan clair - originale - blister - cartouche d'encre - pour Expression Photo XP-8500, XP-8500 Small-in-One, XP-8505
4514999;C13T04F54010;8715946645681;2;EPSON;;Epson 478XL - 10.2 ml - haute capacité - rouge - originale - cartouche d'encre - pour Expression Home HD XP-15000
4515000;C13T04F54020;8715946645698;2;EPSON;;Epson 478XL - 10.2 ml - haute capacité - rouge - originale - cartouche d'encre - pour Expression Photo XP-8500 Small-in-One
4515005;C13T04F64020;8715946645711;2;EPSON;;Epson 478XL - 11.2 ml - gris - originale - emballage coque avec alarme radioélectrique/ acoustique - cartouche d'encre - pour Expression Photo XP-8500 Small-in-One
4515001;C13T04F64010;8715946645704;2;EPSON;;Epson 478XL - 11.2 ml - haute capacité - gris - originale - cartouche d'encre - pour Expression Home HD XP-15000
4515003;C13T379D4010;8715946646510;2;EPSON;;Epson 478XL Multipack - Pack de 6 - 60.5 ml - haute capacité - gris, noir, jaune, cyan, magenta, rouge - originale - cartouche d'encre - pour Expression Home HD XP-15000
4515004;C13T379D4020;8715946646527;2;EPSON;;Epson 478XL Multipack - Pack de 6 - gris, noir, jaune, cyan, magenta, rouge - originale - emballage coque avec alarme radioélectrique/ acoustique - cartouche d'encre - pour Expression Photo XP-8500 Small-in-One
4682159;C13T02V24010;8715946652740;2;EPSON;;"Epson 502 - 3.3 ml - cyan - originale - blister - cartouche d'encre - pour Expression Home XP-5100, XP-5105; WorkForce WF-2860, WF-2860DWF"
4682160;C13T02V24020;8715946652757;2;EPSON;;"Epson 502 - 3.3 ml - cyan - originale - emballage coque avec alarme radioélectrique/ acoustique - cartouche d'encre - pour Expression Home XP-5100; WorkForce WF-2860"
4682403;C13T02V44010;8715946652788;2;EPSON;;"Epson 502 - 3.3 ml - jaune - originale - blister - cartouche d'encre - pour Expression Home XP-5100, XP-5105; WorkForce WF-2860, WF-2860DWF"
4682404;C13T02V44020;8715946652795;2;EPSON;;"Epson 502 - 3.3 ml - jaune - originale - emballage coque avec alarme radioélectrique/ acoustique - cartouche d'encre - pour Expression Home XP-5100; WorkForce WF-2860"
4682401;C13T02V34010;8715946652764;2;EPSON;;"Epson 502 - 3.3 ml - magenta - originale - blister - cartouche d'encre - pour Expression Home XP-5100, XP-5105; WorkForce WF-2860, WF-2860DWF"
4682402;C13T02V34020;8715946652771;2;EPSON;;"Epson 502 - 3.3 ml - magenta - originale - emballage coque avec alarme radioélectrique/ acoustique - cartouche d'encre - pour Expression Home XP-5100; WorkForce WF-2860"
4682417;C13T02V14010;8715946652726;2;EPSON;;"Epson 502 - 4.6 ml - noir - originale - blister - cartouche d'encre - pour Expression Home XP-5100, XP-5105; WorkForce WF-2860, WF-2860DWF"
4682158;C13T02V14020;8715946652733;2;EPSON;;"Epson 502 - 4.6 ml - noir - originale - emballage coque avec alarme radioélectrique/ acoustique - cartouche d'encre - pour Expression Home XP-5100; WorkForce WF-2860"
4682406;C13T02V64020;8715946653174;2;EPSON;;"Epson 502 Multipack - Pack de 4 - 14.5 ml - noir, jaune, cyan, magenta - originale - emballage coque avec alarme radioélectrique/ acoustique - cartouche d'encre - pour Expression Home XP-5100; WorkForce WF-2860"
4682405;C13T02V64010;8715946653150;2;EPSON;;"Epson 502 Multipack - Pack de 4 - noir, jaune, cyan, magenta - originale - blister - cartouche d'encre - pour Expression Home XP-5100, XP-5105; WorkForce WF-2860, WF-2860DWF"
4682409;C13T02W24010;8715946652825;2;EPSON;;"Epson 502XL - 6.4 ml - haute capacité - cyan - originale - blister - cartouche d'encre - pour Expression Home XP-5100, XP-5105; WorkForce WF-2860, WF-2860DWF"
4682410;C13T02W24020;8715946652832;2;EPSON;;"Epson 502XL - 6.4 ml - haute capacité - cyan - originale - emballage coque avec alarme radioélectrique/ acoustique - cartouche d'encre - pour Expression Home XP-5100; WorkForce WF-2860"
4682413;C13T02W44010;8715946652863;2;EPSON;;"Epson 502XL - 6.4 ml - haute capacité - jaune - originale - blister - cartouche d'encre - pour Expression Home XP-5100, XP-5105; WorkForce WF-2860, WF-2860DWF"
4682414;C13T02W44020;8715946652870;2;EPSON;;"Epson 502XL - 6.4 ml - haute capacité - jaune - originale - emballage coque avec alarme radioélectrique/ acoustique - cartouche d'encre - pour Expression Home XP-5100; WorkForce WF-2860"
4682411;C13T02W34010;8715946652849;2;EPSON;;"Epson 502XL - 6.4 ml - haute capacité - magenta - originale - blister - cartouche d'encre - pour Expression Home XP-5100, XP-5105; WorkForce WF-2860, WF-2860DWF"
4682412;C13T02W34020;8715946652856;2;EPSON;;"Epson 502XL - 6.4 ml - haute capacité - magenta - originale - emballage coque avec alarme radioélectrique/ acoustique - cartouche d'encre - pour Expression Home XP-5100; WorkForce WF-2860"
4682407;C13T02W14010;8715946652801;2;EPSON;;"Epson 502XL - 9.2 ml - haute capacité - noir - originale - blister - cartouche d'encre - pour Expression Home XP-5100, XP-5105; WorkForce WF-2860, WF-2860DWF"
4682408;C13T02W14020;8715946652818;2;EPSON;;"Epson 502XL - 9.2 ml - haute capacité - noir - originale - emballage coque avec alarme radioélectrique/ acoustique - cartouche d'encre - pour Expression Home XP-5100; WorkForce WF-2860"
4682416;C13T02W64020;8715946653211;2;EPSON;;"Epson 502XL Multipack - Pack de 4 - 28.4 ml - haute capacité - noir, jaune, cyan, magenta - originale - emballage coque avec alarme radioélectrique/ acoustique - cartouche d'encre - pour Expression Home XP-5100; WorkForce WF-2860"
4682415;C13T02W64010;8715946653198;2;EPSON;;"Epson 502XL Multipack - Pack de 4 - XL - noir, jaune, cyan, magenta - originale - blister - cartouche d'encre - pour Expression Home XP-5100, XP-5105; WorkForce WF-2860, WF-2860DWF"
3014378;C13T79114010;8715946535944;2;EPSON;;Epson 79 - 14.4 ml - noir - originale - cartouche d'encre - pour WorkForce Pro WF-4630DWF, WF-4640DTWF, WF-5110DW, WF-5190DW, WF-5620DWF, WF-5690DWF
3014379;C13T79124010;8715946535951;2;EPSON;;Epson 79 - 6.5 ml - cyan - originale - cartouche d'encre - pour WorkForce Pro WF-4630DWF, WF-4640DTWF, WF-5110DW, WF-5190DW, WF-5620DWF, WF-5690DWF
3014381;C13T79144010;8715946535975;2;EPSON;;Epson 79 - 6.5 ml - jaune - originale - cartouche d'encre - pour WorkForce Pro WF-4630DWF, WF-4640DTWF, WF-5110DW, WF-5190DW, WF-5620DWF, WF-5690DWF
3014380;C13T79134010;8715946535968;2;EPSON;;Epson 79 - 6.5 ml - magenta - originale - cartouche d'encre - pour WorkForce Pro WF-4630DWF, WF-4640DTWF, WF-5110DW, WF-5190DW, WF-5620DWF, WF-5690DWF
3014375;C13T79024010;8715946535999;2;EPSON;;Epson 79XL - 17.1 ml - XL - cyan - originale - cartouche d'encre - pour WorkForce Pro WF-4630DWF, WF-4640DTWF, WF-5110DW, WF-5190DW, WF-5620DWF, WF-5690DWF
3014377;C13T79044010;8715946536019;2;EPSON;;Epson 79XL - 17.1 ml - XL - jaune - originale - cartouche d'encre - pour WorkForce Pro WF-4630DWF, WF-4640DTWF, WF-5110DW, WF-5190DW, WF-5620DWF, WF-5690DWF
3014376;C13T79034010;8715946536002;2;EPSON;;Epson 79XL - 17.1 ml - XL - magenta - originale - cartouche d'encre - pour WorkForce Pro WF-4630DWF, WF-4640DTWF, WF-5110DW, WF-5190DW, WF-5620DWF, WF-5690DWF
3014374;C13T79014010;8715946535982;2;EPSON;;Epson 79XL - 41.8 ml - XL - noir - originale - cartouche d'encre - pour WorkForce Pro WF-4630DWF, WF-4640DTWF, WF-5110DW, WF-5190DW, WF-5620DWF, WF-5690DWF
509004;C13S041340;10343830059;2;EPSON;;Epson archival - papier - papier mat - super b (330 x 483 mm) - 192 g/m2 - 50 pc.
537232;C13S041344;10343830097;2;EPSON;;Epson archival - papier - papier mat - a3 (297 x 420 mm) - 192 g/m2 - 50 pc.
517211;C13S041342;10343830073;2;EPSON;;Epson archival - papier - papier mat - a4 (210 x 297 mm) - 192 g/m2 - 50 pc.
2342862;C13S045281;8715946491189;2;EPSON;;"Epson Bond Paper Bright 90 - Rouleau (106,7 cm x 50 m) - 90 g/m² - 1 rouleau(x) papier - pour Stylus Pro 11880, Pro 9700, Pro 9890; SureColor SC-P20000, SC-T7000, SC-T7200"
2342857;C13S045276;8715946491134;2;EPSON;;"Epson Bond Paper White 80 - Blanc - Rouleau (106,7 cm x 50 m) - 80 g/m² - 1 rouleau(x) papier - pour Stylus Pro 11880, Pro 9700, Pro 9890; SureColor SC-P20000, SC-T7000, SC-T7200"
2342856;C13S045275;8715946491127;2;EPSON;;"Epson Bond Paper White 80 - Blanc - Rouleau (91,4 cm x 50 m) - 80 g/m² - 1 rouleau(x) papier - pour Stylus Pro 11880, Pro 9700, Pro 9890; SureColor SC-P20000, SC-T5200, SC-T7000, SC-T7200"
859713;C13S041749;10343604544;2;EPSON;;Epson bright white - papier - papier ordinaire - a4 (210 x 297 mm) - 90 g/m2 - 500 pc.
2157930;V12H442001;4988617082878;2;EPSON;;"Epson BrightLink Solo Interactive Pen - Stylo numérique - infrarouge - sans fil - pour Epson EB-465i; BrightLink Solo IU-01"
3477492;C13S450075;8715946552316;2;EPSON;;"Epson Business Paper - A4 (210 x 297 mm) - 80 g/m² - 500 feuille(s) papier uni - pour Epson L386; EcoTank ET-16500, L1455; Expression Premium XP-540, 900; WorkForce Pro WF-C869"
2342867;C13S045286;8715946491233;2;EPSON;;"Epson Coated Paper 95 - Enduit - Rouleau (106,7 cm x 45 m) - 95 g/m² - 1 rouleau(x) papier - pour Stylus Pro 11880, Pro 9700, Pro 9890; SureColor SC-P20000, SC-T7000, SC-T7200"
299539;C13S041154;10343814400;2;EPSON;;Epson cool peel t-shirt - papier transferts sur t-shirt - papier transferts sur t-shirt - a4 (210 x 297 mm) - 10 pc.
3809058;A61CF26111;8715946608884;2;EPSON;;Epson DM-D30 (111) - Affichage client - USB - noir - USB
2407449;C13S050608;8715946481319;2;EPSON;;Epson Double Pack - Pack de 2 - cyan - originale - cartouche de toner - pour AcuLaser C9300D2TN, C9300D3TNC, C9300DN, C9300DTN, C9300N, C9300TN
2407497;C13S050607;8715946481302;2;EPSON;;Epson Double Pack - Pack de 2 - magenta - originale - cartouche de toner - pour AcuLaser C9300D2TN, C9300D3TNC, C9300DN, C9300DTN, C9300N, C9300TN
2407496;C13S050609;8715946481326;2;EPSON;;Epson Double Pack - Pack de 2 - noir - originale - cartouche de toner - pour AcuLaser C9300D2TN, C9300D3TNC, C9300DN, C9300DTN, C9300N, C9300TN
704999;C13S041569;10343839014;2;EPSON;;Epson - papier - papier photographique mat - blanc - a4 (210 x 297 mm) - 178 g/m2 - 50 pc.
537246;C13S041385;10343831704;2;EPSON;;Epson - papier - papier mat - blanc - rouleau a1 (61,0 cm x 25 m) - 180 g/m2
537248;C13S041387;10343831735;2;EPSON;;Epson - papier - papier mat - rouleau (111,8 cm x 25 m) - 180 g/m2
4458783;V11H860040;8715946642604;2;EPSON;;Epson EB-108 - Projecteur 3LCD - portable - 3700 lumens (blanc) - 3700 lumens (couleur) - XGA (1024 x 768) - 4:3 - LAN
4095910;V11H727040;8715946611907;2;EPSON;;Epson EB-1450Ui - Projecteur 3LCD - 3800 lumens (blanc) - 3800 lumens (couleur) - WUXGA (1920 x 1200) - 16:10 - HD 1080p - Objectif fixe de portée ultra courte - 802.11n sans fil / LAN
4110225;V11H793040;8715946629179;2;EPSON;;Epson EB-1785W - Projecteur 3LCD - portable - 3200 lumens (blanc) - 3200 lumens (couleur) - WXGA (1280 x 800) - 16:10 - HD 720p - 802.11n wireless / NFC / Miracast
4136454;V11H796040;8715946629933;2;EPSON;;Epson EB-1795F - Projecteur 3LCD - portable - 3200 lumens (blanc) - 3200 lumens (couleur) - Full HD (1920 x 1080) - 16:9 - HD 1080p - 802.11n wireless / NFC / Miracast
4095906;V11H822040;8715946628622;2;EPSON;;Epson EB-2040 - Projecteur LCD - 4200 lumens (blanc) - 4200 lumens (couleur) - XGA (1024 x 768) - 4:3 - LAN
4095914;V11H818040;8715946628547;2;EPSON;;Epson EB-2155W - Projecteur 3LCD - 5000 lumens (blanc) - 5000 lumens (couleur) - WXGA (1280 x 800) - 16:10 - HD 720p - 802.11b/g/n wireless / LAN / Miracast
4095912;V11H817040;8715946628523;2;EPSON;;Epson EB-2165W - Projecteur 3LCD - 5500 lumens (blanc) - 5500 lumens (couleur) - WXGA (1280 x 800) - 16:10 - HD 720p - 802.11b/g/n wireless / LAN / Miracast
4095916;V11H815040;8715946628486;2;EPSON;;Epson EB-2255U - Projecteur LCD - 5000 lumens (blanc) - 5000 lumens (couleur) - WUXGA (1920 x 1200) - 16:10 - HD 1080p - sans fil 802.11n/LAN/Miracast
3321828;V11H672040;8715946541464;2;EPSON;;Epson EB-525W - Projecteur 3LCD - 2800 lumens (blanc) - 2800 lumens (couleur) - WXGA (1280 x 800) - 16:10 - HD 720p - LAN
3321991;V11H673040;8715946541488;2;EPSON;;Epson EB-530 - Projecteur 3LCD - 3200 lumens (blanc) - 3200 lumens (couleur) - XGA (1024 x 768) - 4:3 - LAN
3330855;V11H670040;8715946541426;2;EPSON;;Epson EB-536WI - Projecteur 3LCD - 3400 lumens (blanc) - 3400 lumens (couleur) - WXGA (1280 x 800) - 16:10 - HD 720p - LAN
4099912;V11H824040;8715946624334;2;EPSON;;Epson EB-5530U - Projecteur LCD - 5500 lumens (blanc) - 5500 lumens (couleur) - WUXGA (1920 x 1200) - 16:10 - HD 1080p - LAN
4067417;V11H745040;8715946605234;2;EPSON;;Epson EB-675W - Projecteur 3LCD - 3200 lumens (blanc) - 3200 lumens (couleur) - WXGA (1280 x 800) - 16:10 - HD 720p - LAN
4067767;V11H743040;8715946605197;2;EPSON;;Epson EB-675Wi - Projecteur 3LCD - 3200 lumens (blanc) - 3200 lumens (couleur) - WXGA (1280 x 800) - 16:10 - HD 720p - LAN
4067415;V11H746040;8715946605258;2;EPSON;;Epson EB-680 - Projecteur 3LCD - 3500 lumens (blanc) - 3500 lumens (couleur) - XGA (1024 x 768) - 4:3 - LAN
4067775;V11H742040;8715946605173;2;EPSON;;Epson EB-680Wi - Projecteur 3LCD - 3200 lumens - WXGA (1280 x 800) - 16:10 - HD 720p - LAN
4067441;V11H744040;8715946605210;2;EPSON;;Epson EB-685W - Projecteur 3LCD - 3500 lumens (blanc) - 3500 lumens (couleur) - WXGA (1280 x 800) - 16:10 - HD 720p - LAN
4067774;V11H741040;8715946605159;2;EPSON;;Outlet Epson EB-685Wi - Projecteur 3LCD - 3500 lumens (blanc) - 3500 lumens (couleur) - WXGA (1280 x 800) - 16:10 - HD 720p - LAN
4067776;V11H740040;8715946605135;2;EPSON;;Epson EB-695Wi - Projecteur 3LCD - 3500 lumens (blanc) - 3500 lumens (couleur) - WXGA (1280 x 800) - 16:10 - HD 720p - LAN
4067777;V11H728040;8715946605111;2;EPSON;;Epson EB-696Ui - Projecteur 3LCD - 3800 lumens (blanc) - 3800 lumens (couleur) - WUXGA (1920 x 1200) - 16:10 - HD 1080p - LAN
4485383;V11H878540;8715946641140;2;EPSON;;Epson EB-700U - Projecteur 3LCD - 4000 lumens (blanc) - 4000 lumens (couleur) - WUXGA (1920 x 1200) - 16:10 - HD 1080p - Objectif ultra court - LAN
4458785;V11H866040;8715946642642;2;EPSON;;Epson EB-980W - Projecteur 3LCD - 3800 lumens (blanc) - 3800 lumens (couleur) - WXGA (1280 x 800) - 16:10 - HD 720p - LAN
3818385;V11H749040;8715946612119;2;EPSON;;Epson EB-G7900U - Projecteur 3LCD - 7000 lumens (blanc) - 7000 lumens (couleur) - WUXGA (1920 x 1200) - 16:10 - HD 1080p - LAN
3913788;V11H792040;8715946616841;2;EPSON;;Epson EB-L1500U - Projecteur LCD - 12000 lumens (blanc) - 12000 lumens (couleur) - WUXGA (1920 x 1200) - 16:10 - HD 1080p - LAN
4443660;V11H838040;8715946639451;2;EPSON;;Epson EB-S05 - Projecteur 3LCD - portable - 3200 lumens (blanc) - 3200 lumens (couleur) - SVGA (800 x 600) - 4:3
4458580;V11H854040;8715946642543;2;EPSON;;Epson EB-S39 - Projecteur 3LCD - portable - 3300 lumens (blanc) - 3300 lumens (couleur) - SVGA (800 x 600) - 4:3
4429249;V11H846040;8715946639611;2;EPSON;;Epson EB-U42 - Projecteur 3LCD - portable - 3600 lumens (blanc) - 3600 lumens (couleur) - WUXGA (1920 x 1200) - 16:10 - HD 1080p - 802.11n sans fil/Miracast
4458782;V11H856040;8715946642581;2;EPSON;;Epson EB-W39 - Projecteur 3LCD - portable - 3500 lumens (blanc) - 3500 lumens (couleur) - WXGA (1280 x 800) - 16:10 - HD 720p - LAN
4443858;V11H844040;8715946639574;2;EPSON;;Epson EB-W41 - Projecteur 3LCD - portable - 3600 lumens (blanc) - 3600 lumens (couleur) - WXGA (1280 x 800) - 16:10 - HD 720p
4458781;V11H855040;8715946642567;2;EPSON;;Epson EB-X39 - Projecteur 3LCD - portable - 3500 lumens (blanc) - 3500 lumens (couleur) - XGA (1024 x 768) - 4:3 - LAN
4443855;V11H843040;8715946639550;2;EPSON;;Epson EB-X41 - Projecteur 3LCD - portable - 3600 lumens (blanc) - 3600 lumens (couleur) - XGA (1024 x 768) - 4:3
1028240;C13S050268;8715946278162;2;EPSON;;Epson economy pack - cartouche de toner - 1 x noir, jaune, cyan, magenta
4429796;C11CF49404;8715946647388;2;EPSON;;Epson EcoTank ET-16500 - Imprimante multifonctions - couleur - jet d'encre - A3 (297 x 420 mm) (original) - A3 (support) - jusqu'à 32 ppm (impression) - 500 feuilles - 33.6 Kbits/s - USB, LAN, hôte USB, Wi-Fi
4137005;C11CF46402;8715946622507;2;EPSON;;Epson EcoTank ET-2600 - Imprimante multifonctions - couleur - jet d'encre - A4/Legal (support) - jusqu'à 33 ppm (impression) - 100 feuilles - USB, Wi-Fi(n) - noir
4137393;C11CF47402;8715946622521;2;EPSON;;Epson EcoTank ET-2650 - Imprimante multifonctions - couleur - jet d'encre - A4/Legal (support) - jusqu'à 7.7 ppm (copie) - jusqu'à 33 ppm (impression) - 100 feuilles - USB, Wi-Fi
4429250;C11CG24402;8715946642901;2;EPSON;;Epson EcoTank ET-2700 - Imprimante multifonctions - couleur - jet d'encre - A4/Legal (support) - jusqu'à 33 ppm (impression) - 100 feuilles - USB, Wi-Fi
4429251;C11CG22402;8715946642888;2;EPSON;;Epson EcoTank ET-2750 - Imprimante multifonctions - couleur - jet d'encre - A4/Legal (support) - jusqu'à 33 ppm (impression) - 100 feuilles - USB, Wi-Fi
4429255;C11CG21401;8715946642857;2;EPSON;;Epson EcoTank ET-3700 - Imprimante multifonctions - couleur - jet d'encre - A4/Legal (support) - jusqu'à 33 ppm (impression) - 150 feuilles - USB, LAN, Wi-Fi
4428386;C11CG20401;8715946642833;2;EPSON;;Epson EcoTank ET-3750 - Imprimante multifonctions - couleur - jet d'encre - A4/Legal (support) - jusqu'à 33 ppm (impression) - 150 feuilles - USB, LAN, Wi-Fi
3521148;C11CE90402;8715946552439;2;EPSON;;Epson EcoTank ET-4500 - Imprimante multifonctions - couleur - jet d'encre - A4/Legal (support) - jusqu'à 33 ppm (impression) - 100 feuilles - 33.6 Kbits/s - USB, LAN, Wi-Fi
4428387;C11CG19401;8715946642826;2;EPSON;;Epson EcoTank ET-4750 - Imprimante multifonctions - couleur - jet d'encre - A4/Legal (support) - jusqu'à 33 ppm (impression) - 250 feuilles - 33.6 Kbits/s - USB, LAN, Wi-Fi
4428388;C11CG15401;8715946638942;2;EPSON;;Epson EcoTank ET-7700 - Imprimante multifonctions - couleur - jet d'encre - A4/Legal (support) - jusqu'à 32 ppm (impression) - 100 feuilles - USB, LAN, hôte USB, Wi-Fi
4429807;C11CG16401;8715946638966;2;EPSON;;Epson EcoTank ET-7750 - Imprimante multifonctions - couleur - jet d'encre - A3 (support) - jusqu'à 28 ppm (impression) - 100 feuilles - USB, LAN, hôte USB, Wi-Fi
3874871;V12H004W05;8715946614366;2;EPSON;;Epson ELP LW05 - Objectif zoom à large portée - 17.6 mm - 24.3 mm - f/2.0-2.23 - pour Epson EB-G7000, G7200, G7400, G7500, G7805, G7905, L1105, L1200, L1300, L1405, L1500
2502109;V12H005M09;4988617133334;2;EPSON;;"Epson ELPAP09 Quick Wireless Connect USB key - Clé USB sans fil - pour Epson EX5240; BrightLink 685; PowerLite 10X, 68X, 97X, 980, 990, S39, W39, X39"
3056454;V12H614040;8715946536521;2;EPSON;;Epson ELPCB02 - Boîtier de contrôle de projecteur - pour Epson EB-1400, 1410, 1410Wi [240, 430, 440, 450, 460, 475, 485, 570, 575, 580, 585, 595
3984467;V12H759040;8715946616292;2;EPSON;;Epson ELPDC07 - Vidéo-visualiseur numérique - couleur - 2 MP - 1920 x 1080 - USB 2.0
3810575;V12H757040;8715946610115;2;EPSON;;Epson ELPDC13 - Vidéo-visualiseur numérique - couleur - 2,1 MP - 1920 x 1080 - audio - VGA, HDMI - USB
1589880;V12H003P14;4988617019546;2;EPSON;;Epson ELPFP14 - Composant de montage (tube de soutien) pour projecteur - montable au plafond - pour Epson EB-1440, 1460, 2040, 2055, 2140, 2155, 2165, 2245, 2250, 2265, 675, 685, EH-TW530
1722764;V13H010L49;4988617026766;2;EPSON;;Epson ELPLP49 - Lampe de projecteur - E-TORL UHE - 200 Watt - pour Epson EH-TW2800, TW2900, TW3200, TW3500, TW3600, TW4000, TW4400, TW4500, TW5500, TW5800
1777522;V13H010L50;4988617032248;2;EPSON;;"Epson ELPLP50 - Lampe de projecteur - UHE - pour Epson EB-824, EB-825, EB-826; PowerLite 825, 826, 84, 85"
1992182;V13H010L52;4988617043688;2;EPSON;;"Epson ELPLP52 - Lampe de projecteur - UHE - 330 Watt (pack de 2) - pour Epson EB-Z8000, EB-Z8050; PowerLite Pro Z8000, Pro Z8050"
1877219;V13H010L53;4988617046016;2;EPSON;;"Epson ELPLP53 - Lampe de projecteur - UHE - 230 Watt - 2500 heure(s) (mode standard)/ 3500 heure(s) (mode économique) - pour Epson EB-1830, 1900, 1910, 1915, 1920, 1925, EMP-1830; PowerLite 1830, 1915, 1925"
1877231;V13H010L54;4988617043251;2;EPSON;;Epson ELPLP54 - Lampe de projecteur - UHE - 200 Watt - 4000 heure(s) (mode standard)/ 5000 heure(s) (mode économique) - pour Epson EB-S7, S72, S8, S82, W7, W8, W8D, X7, X72, X8, X8E, EH-TW450, EX-31, 51, 71
1877175;V13H010L55;4988617045378;2;EPSON;;"Epson ELPLP55 - Lampe de projecteur - E-TORL UHE - 200 Watt - 4000 heure(s) (mode standard)/ 5000 heure(s) (mode économique) - pour Epson EB-W8D; PowerLite Presenter, Presenter HD"
1878079;V13H010L56;10343875258;2;EPSON;;"Epson ELPLP56 - Lampe de projecteur - UHE - 200 Watt - 5000 heure(s) - pour Epson EH-DM3; MovieMate 60"
2069668;V13H010L58;4988617063457;2;EPSON;;"Epson ELPLP58 - Lampe de projecteur - E-TORL UHE - 200 Watt - 4000 heure(s) (mode standard)/ 5000 heure(s) (mode économique) - pour Epson EB-S10, S9, S92, W10, W9, X10, X9, x92, EX-3200, 5200, 7200; PowerLite W10, X10"
2157697;V13H010L60;4988617070875;2;EPSON;;"Epson ELPLP60 - Lampe de projecteur - E-TORL UHE - 200 Watt - 5000 heure(s) (mode standard)/ 6000 heure(s) (mode économique) - pour Epson EB-900, EB-905, EB-93, EB-95, EB-96; PowerLite 420, 425, 905, 92, 93, 95, 96"
2157698;V13H010L61;4988617070882;2;EPSON;;"Epson ELPLP61 - Lampe de projecteur - E-TORL UHE - 230 Watt - 4000 heure(s) (mode standard)/ 6000 heure(s) (mode économique) - pour Epson EB-430, 435, 910, 915, 925; BrightLink 430; PowerLite 1835, 430, 435, 915, D6150"
2157699;V13H010L62;4988617070899;2;EPSON;;"Epson ELPLP62 - Lampe de projecteur - UHE - 275 Watt - 2000 heure(s) (mode standard)/ 3000 heure(s) (mode économique) - pour Epson EB-G5450WU, EB-G5600, EB-G5600NL; PowerLite 4100, Pro G5450WUNL, Pro G5550NL"
2157700;V13H010L63;4988617070905;2;EPSON;;"Epson ELPLP63 - Lampe de projecteur - UHE - 330 Watt - 2000 heure(s) (mode standard)/ 3000 heure(s) (mode économique) - pour Epson EB-G5650, G5750, G5900, G5950; PowerLite 4200, 4300, Pro G5650, Pro G5750, Pro G5950"
2253994;V13H010L64;4988617101579;2;EPSON;;"Epson ELPLP64 - Lampe de projecteur - E-TORL UHE - 275 Watt - 3000 heure(s) (mode standard)/ 4000 heure(s) (mode économique) - pour Epson EB-1840, 1850, 1860, 1880, D6155, D6250, VS350, VS410; PowerLite 18XX, D6155, D6250"
2295688;V13H010L67;4988617105072;2;EPSON;;Epson ELPLP67 - Lampe de projecteur - UHE - 200 Watt - 4000 heure(s) (mode standard)/ 5000 heure(s) (mode économique) - pour Epson EB-S02, S11, W110, X11, X12, X15, EH-TW480, TW550, VS210, VS310, VS315
2314552;V13H010L68;4988617113220;2;EPSON;;Epson ELPLP68 - Lampe de projecteur - E-TORL UHE - 230 Watt - pour Epson EH-TW5900, EH-TW5910, EH-TW6000, EH-TW6000W, EH-TW6100, EH-TW6100W
2356869;V13H010L69;4988617113213;2;EPSON;;Epson ELPLP69 - Lampe de projecteur - UHE - pour Epson EH-TW7200, EH-TW8100, EH-TW9000, EH-TW9000W, EH-TW9100, EH-TW9200, EH-TW9200W
2370534;V13H010L71;4988617109797;2;EPSON;;Epson ELPLP71 - Lampe de projecteur - UHE - pour Epson EB-1400Wi, EB-1410Wi [240V], EB-470, EB-475W, EB-475Wi, EB-480, EB-485W, EB-485Wi
2396396;V13H010L72;4988617124653;2;EPSON;;Epson ELPLP72 - Lampe de projecteur - UHE - 340 Watt - 2500 heure(s) (mode standard)/ 3500 heure(s) (mode économique) - pour Epson EB-Z10000, EB-Z10005, EB-Z8150, EB-Z8350, EB-Z8355, EB-Z8450, EB-Z8455
2396399;V13H010L73;4988617124660;2;EPSON;;"Epson ELPLP73 - Lampe de projecteur - UHE - 340 Watt - 2500 heure(s) (mode standard)/ 3500 heure(s) (mode économique) (pack de 2) - pour Epson EB-Z10000, Z10005, Z8150, Z8350, Z8355, Z8450, Z8455; PowerLite Pro Z8255, Pro Z8350"
2534113;V13H010L74;4988617129054;2;EPSON;;Epson ELPLP74 - Lampe de projecteur - E-TORL UHE - 215 Watt - 3500 heure(s) (mode standard)/ 5000 heure(s) (mode économique) - pour Epson EB-1930, EB-1935
2534116;V13H010L75;4988617129061;2;EPSON;;"Epson ELPLP75 - Lampe de projecteur - pour Epson EB-1940, 1945, 1950, 1955, 1960, 1965; PowerLite 1940, 1945, 1950, 1955, 1960, 1965"
2777513;V13H010L76;4988617155787;2;EPSON;;Epson ELPLP76 - Lampe de projecteur - pour Epson EB-G6070, G6250, G6270, G6370, G6450, G6550, G6570, G6650, G6770, G6800, G6970
2832090;V13H010L77;10343908093;2;EPSON;;"Epson ELPLP77 - Lampe de projecteur - UHE - pour Epson EB-1970, 1975, 1980, 1985, 4550, 4650, 4750, 4770, 4850, 4950; PowerLite 4750, 4855"
2927768;V13H010L78;4988617165717;2;EPSON;;Epson ELPLP78 - Lampe de projecteur - UHE - pour Epson EB-S03, S17, S18, W03, W18, W28, X03, X18, X24, EH-TW490, TW5100, TW5200, TW570
3084870;V13H010L79;8715946536897;2;EPSON;;"Epson ELPLP79 - Lampe de projecteur - E-TORL UHE - 215 Watt - 5000 heures (mode standard)/ 10000 heures (mode économique) - pour Epson EB-570; BrightLink 575Wi Interactive; PowerLite 570, 575W"
3084871;V13H010L80;8715946536873;2;EPSON;;"Epson ELPLP80 - Lampe de projecteur - E-TORL UHE - 245 Watt - 4000 heures (mode standard)/ 6000 heures (mode économique) - pour Epson EB-1420, EB-1430, EB-585, EB-595; BrightLink 585; PowerLite 580, 585"
3276776;V13H010L81;8715946544151;2;EPSON;;Epson ELPLP81 - Lampe de projecteur - UHE - 380 Watt - 2000 heures (mode standard)/ 6000 heures (mode économique) - pour Epson EB-Z10000, Z10005, Z11000, Z11005, Z9750, Z9800, Z9870, Z9875, Z9900
3276777;V13H010L82;8715946544168;2;EPSON;;Epson ELPLP82 - Lampe de projecteur - UHE (pack de 2) - pour Epson EB-Z10000, Z10005, Z11000, Z11005, Z9750, Z9800, Z9870, Z9875, Z9900
3374991;V13H010L87;8715946544380;2;EPSON;;"Epson ELPLP87 - Lampe de projecteur - UHE - pour Epson EB-520, EB-525, EB-530, EB-535, EB-536; BrightLink 536; PowerLite 520, 525, 530, 535"
3417161;V13H010L88;8715946546049;2;EPSON;;Epson ELPLP88 - Lampe de projecteur - UHE - 200 Watt - 5000 heure(s) (mode standard)/ 10000 heure(s) (mode économique) - pour Epson EB-S04, S31, U04, U32, W04, W29, W31, W32, X31, EH-TW5210, TW530, TW5300, TW5350
3892819;V13H010L93;8715946614021;2;EPSON;;Epson ELPLP93 - Lampe de projecteur - pour Epson EB-G7000, EB-G7200, EB-G7400, EB-G7500, EB-G7800, EB-G7805, EB-G7900, EB-G7905
4520785;V13H010L96;8715946640402;2;EPSON;;Epson ELPLP96 - Lampe de projecteur - UHE - pour PowerLite 1266, 1286
1598040;V12H003B23;4988617019522;2;EPSON;;Epson ELPMB23 - Montage sur plafond pour projecteur - acier - pour Epson EB-1780, 1785, 1795, 2040, 2055, 2140, 2155, 2165, 2245, 2250, 2265, 685, EH-TW530
2370529;V12H516040;8715946512662;2;EPSON;;Epson ELPMB29 - Montage sur bureau pour projecteur - pour Epson EB-1410Wi [240, 1420, 1430, 1440, 1450, 1460, 570, 585, 595, 670, 675, 685, 695, 696
3364116;V12H706040;8715946544403;2;EPSON;;"Epson ELPMB45 - Montage mural pour projecteur - pour Epson EB-520, EB-525W, EB-530, EB-530 S, EB-535W, EB-536WI; PowerLite 520, 525W, 530, 535W"
1331824;C13S042110;8715946342832;2;EPSON;;"Epson Enhanced - Mat - A3 plus (329 x 423 mm) - 1122 g/m² - 20 feuille(s) poster - pour Stylus Pro 4900 Spectro_M1; SureColor P400, P5000, P800, SC-P10000, P20000, P400, P5000"
772212;C13S041599;10343839380;2;EPSON;;"Epson Enhanced - Mat - blanc brillant - 762 x 1016 mm - 1170 g/m² - 5 unités poster - pour Stylus Pro 11880, Pro 98XX; SureColor SC-P10000, P20000, P8000, P9000, T5200, T7000, T7200"
772212;C13S041599;10343839380;2;EPSON;;"Outlet Epson Enhanced - Mat - blanc brillant - 762 x 1016 mm - 1170 g/m² - 5 unités poster - pour Stylus Pro 11880, Pro 98XX; SureColor SC-P10000, P20000, P8000, P9000, T5200, T7000, T7200"
772210;C13S041597;10343839366;2;EPSON;;Epson enhanced - papier - papier mat - rouleau (111,8 cm x 30,5 m) - 189 g/m2 - 1 pc.
891797;C13S041725;10343846685;2;EPSON;;Epson enhanced matte - papier - papier mat - rouleau (43,2 cm x 30,5 m) - 192 g/m2
1009401;C43S015358;10343852914;2;EPSON;;Epson ERC 22B - 1 - noir - ruban d'impression - pour M 180, 190, 195
1009464;C43S015362;10343811508;2;EPSON;;Epson erc 23 - ruban tissu - 1 x noir, rouge
1009468;C43S015369;10343852624;2;EPSON;;Epson ERC 31B - 1 - noir - ruban d'impression - pour TM 930, 930II, 950, H5000II, H5000IIP, U590, U590-151, U590P, U950, U950P
1066656;C43S015371;10343852631;2;EPSON;;Epson erc 32b - ruban d`impression noir
1009471;C43S015374;10343812628;2;EPSON;;Epson - ruban d`impression - 1 x noir
2342911;C43S015381;10343852655;2;EPSON;;Epson ERC 41B - 1 - noir - ruban d'impression - pour TM H6000II, H6000III, H6000IIIP, H6000IIP, H6000IIP-012
4108379;B11B240401BT;8715946622958;2;EPSON;;Epson Expression 12000XL Pro - Scanner à plat - A3 - 2400 ppp x 4800 ppp - USB 2.0
3952292;C11CF32402;8715946614724;2;EPSON;;Epson Expression Home XP-245 - Imprimante multifonctions - couleur - jet d'encre - A4/Legal (support) - jusqu'à 27 ppm (impression) - 50 feuilles - USB, Wi-Fi - noir
3952297;C11CF31404;8715946614700;2;EPSON;;Epson Expression Home XP-345 - Imprimante multifonctions - couleur - jet d'encre - A4/Legal (support) - jusqu'à 33 ppm (impression) - 100 feuilles - USB, Wi-Fi - blanc
